Num_Acc,an,mois,jour,hrmn,lum,agg,int,atm,col,com,adr,gps,lat,long,dep,catr,voie,v1,v2,circ,nbv,pr,pr1,vosp,prof,plan,lartpc,larrout,surf,infra,situ,env1
201400018859,14,9,30,1630,1,1,1,1.0,6,490,,M,0.0,0.0,330,4,3.0,,,2.0,2.0,0.0,0.0,0.0,1.0,1.0,0.0,47.0,1.0,0.0,3.0,0.0
201400018860,14,3,20,1745,1,1,1,1.0,1,301,,M,0.0,0.0,330,3,19.0,,,2.0,0.0,10.0,500.0,0.0,1.0,1.0,0.0,55.0,1.0,0.0,1.0,99.0
201400018861,14,4,16,1745,1,1,1,1.0,1,531,,M,0.0,0.0,330,3,936.0,,,2.0,2.0,59.0,750.0,0.0,0.0,1.0,0.0,74.0,1.0,0.0,1.0,0.0
201400018862,14,12,22,1700,1,1,1,1.0,6,194,,M,0.0,0.0,330,3,18.0,,,2.0,2.0,0.0,0.0,0.0,0.0,1.0,0.0,54.0,1.0,0.0,0.0,0.0
201400018863,14,10,16,1100,1,1,1,2.0,6,320,,M,0.0,0.0,330,3,21.0,,,2.0,2.0,0.0,0.0,0.0,1.0,1.0,0.0,90.0,2.0,0.0,3.0,0.0
201400018864,14,12,6,2330,3,1,1,1.0,7,480,,M,44.414,0.299,330,3,122.0,,,2.0,0.0,30.0,900.0,0.0,0.0,1.0,0.0,40.0,1.0,0.0,3.0,0.0
201400023823,14,1,14,755,5,2,1,3.0,2,529,"33, CAZAUX (BD DE) DU 01",,,,330,4,0.0,,,2.0,2.0,,,0.0,1.0,1.0,0.0,68.0,2.0,0.0,1.0,99.0
201400023824,14,1,24,1400,1,2,2,9.0,3,9,"., FARGES (AVE JEAN) DU",,,,330,4,0.0,,,2.0,2.0,,,0.0,1.0,1.0,0.0,0.0,1.0,0.0,1.0,99.0
201400023825,14,2,6,1620,1,2,1,1.0,6,9,"37, GAMBETTA (AVE) DU 37",,,,330,4,0.0,,,2.0,2.0,,,0.0,3.0,1.0,0.0,57.0,1.0,0.0,1.0,0.0
201400023826,14,2,13,1455,1,1,1,1.0,2,529,"24, CAZAUX (BD DE) DU 02",,,,330,4,0.0,,,2.0,2.0,,,0.0,1.0,1.0,0.0,68.0,1.0,0.0,1.0,99.0
201400023827,14,2,17,2130,5,2,1,1.0,1,529,"60, LAGRUA (CH.)",,,,330,4,0.0,,,2.0,2.0,,,0.0,1.0,2.0,0.0,60.0,1.0,0.0,1.0,99.0
201400023828,14,2,19,1345,1,2,1,1.0,3,529,"., GRAILLY (RUE JEAN DE)",,,,330,4,0.0,,,1.0,1.0,,,0.0,1.0,1.0,0.0,66.0,1.0,0.0,1.0,99.0
201400023829,14,3,6,1605,1,2,2,1.0,3,9,"33, DELATTRE DE TASSIGNY",,,,330,4,0.0,,,1.0,1.0,,,0.0,1.0,1.0,0.0,61.0,1.0,0.0,1.0,99.0
201400023830,14,3,8,1935,1,2,1,1.0,6,529,"., RD 1250 (CAMICAS-OUST",,,,330,3,1250.0,,,2.0,2.0,,,0.0,1.0,1.0,0.0,70.0,1.0,0.0,1.0,0.0
201400023831,14,3,12,1545,1,1,1,1.0,1,529,RD1250 (BONNEVAL - LA HU,,,,330,3,1250.0,,,2.0,2.0,40.0,400.0,0.0,1.0,1.0,0.0,70.0,1.0,0.0,1.0,99.0
201400023832,14,3,13,935,1,2,1,1.0,3,529,"141, INDUSTRIE (BD DE L'",,,,330,4,0.0,,,2.0,2.0,,,0.0,1.0,1.0,0.0,60.0,1.0,0.0,1.0,99.0
201400023833,14,3,17,1515,1,1,1,1.0,1,529,"., RD 259",,,,330,3,259.0,,,2.0,2.0,,,1.0,1.0,2.0,0.0,70.0,1.0,0.0,1.0,99.0
201400023834,14,4,30,1925,1,1,1,8.0,6,529,"., RD 259",,,,330,3,259.0,,,2.0,2.0,,,0.0,1.0,1.0,0.0,74.0,1.0,0.0,1.0,99.0
201400023835,14,5,3,1815,1,1,2,1.0,3,529,"., LISIERE DU GOLF (ALL.",,,,330,3,217.0,,,2.0,2.0,,,0.0,2.0,1.0,0.0,150.0,1.0,0.0,1.0,99.0
201400023836,14,5,4,1745,1,2,1,7.0,3,529,"3, DE GAULLE (AVE GAL) D",,,,330,4,,,,2.0,2.0,,,0.0,1.0,1.0,0.0,99.0,1.0,0.0,1.0,99.0
201400023837,14,5,9,1440,1,1,1,1.0,4,529,"., RD1250 (BONNEVAL - LA",,,,330,3,1250.0,,,2.0,2.0,41.5,,0.0,1.0,1.0,0.0,72.0,1.0,0.0,1.0,99.0
201400023838,14,5,17,245,5,1,1,1.0,6,529,"63, OCEAN (BD DE L')",,,,330,4,63.0,,,2.0,2.0,,,0.0,1.0,1.0,0.0,58.0,1.0,0.0,0.0,99.0
201400023839,14,6,1,1700,1,1,1,1.0,1,529,BISCAROSSE (AVE) DUNE VE,,,,330,3,218.0,,,2.0,2.0,17.0,200.0,0.0,1.0,1.0,0.0,64.0,1.0,0.0,1.0,99.0
201400023840,14,6,13,805,1,1,1,1.0,6,529,"., RD 1250 (BONNEVAL -LA",,,,330,3,1250.0,,,2.0,2.0,,,0.0,1.0,1.0,0.0,0.0,1.0,0.0,1.0,0.0
201400023841,14,6,8,2015,1,2,6,1.0,3,529,"., HUGO (RUE VICTOR)",,,,330,4,0.0,,,2.0,2.0,,,0.0,1.0,0.0,0.0,60.0,1.0,0.0,1.0,99.0
201400023842,14,6,22,830,1,1,1,1.0,6,529,RD 112,,,,330,3,112.0,,,2.0,2.0,,,0.0,1.0,3.0,0.0,60.0,1.0,0.0,3.0,99.0
201400023843,14,7,8,1828,1,1,1,1.0,6,529,"255, OCEAN (BD DE L')",,,,330,4,0.0,,,2.0,2.0,,,0.0,1.0,1.0,0.0,58.0,1.0,0.0,1.0,99.0
201400023844,14,7,15,1855,1,1,1,1.0,3,9,"164, COTE D'ARGENT (BD)",,,,330,4,0.0,,,2.0,2.0,,,0.0,1.0,1.0,0.0,81.0,1.0,0.0,1.0,0.0
201400023845,14,7,16,1930,1,2,1,1.0,2,529,"., LAC (RTE DU)",,,,330,4,0.0,,,2.0,2.0,,,0.0,1.0,1.0,0.0,60.0,1.0,0.0,1.0,0.0
201400023846,14,7,15,1430,1,1,1,1.0,6,529,"311, PARC DES EXPOSITION",,,,330,4,0.0,,,2.0,2.0,,,0.0,1.0,1.0,0.0,68.0,1.0,0.0,1.0,99.0
201400023847,14,8,4,1930,1,2,1,1.0,3,529,"4, CUREPIPE (BD DE) DU 0",,,,330,4,0.0,,,2.0,2.0,,,0.0,1.0,1.0,0.0,59.0,1.0,0.0,1.0,0.0
201400023848,14,8,13,1420,1,2,1,1.0,3,529,"55, SAINT-EXUPERY (AVE)",,,,330,4,0.0,,,2.0,2.0,,,0.0,1.0,1.0,0.0,65.0,1.0,0.0,1.0,99.0
201400023849,14,8,21,1500,1,2,1,1.0,6,9,"., BERDOULAT (AVE GAL)",,,,330,4,0.0,,,2.0,2.0,,,0.0,1.0,3.0,0.0,79.0,1.0,0.0,1.0,99.0
201400023850,14,8,25,1530,1,1,1,1.0,6,529,BISCAROSSE (AVE) DUNE VE,,,,330,9,0.0,,,2.0,2.0,25.0,0.0,1.0,1.0,1.0,0.0,69.0,1.0,0.0,5.0,99.0
201400023851,14,9,8,1014,1,1,1,1.0,6,529,"., BONDON (RPT)",,,,330,4,0.0,,,1.0,2.0,,,0.0,1.0,3.0,0.0,87.0,1.0,0.0,1.0,99.0
201400023852,14,8,28,1810,1,1,1,1.0,6,529,"51 bis, LECLERC (AVE DU",,,,330,4,0.0,,,2.0,2.0,,,0.0,1.0,1.0,0.0,68.0,1.0,0.0,0.0,99.0
201400023853,14,9,14,610,3,1,1,1.0,3,529,BISCAROSSE (AVE) DUNE VE,,,,330,3,218.0,,,2.0,2.0,9.0,822.0,0.0,3.0,3.0,0.0,60.0,1.0,0.0,1.0,99.0
201400023854,14,9,12,1620,1,1,1,1.0,5,529,RD 1250 (OUSTALET - BONN,,,,330,3,1250.0,,,2.0,2.0,42.0,730.0,0.0,1.0,2.0,0.0,72.0,1.0,0.0,1.0,99.0
201400023855,14,9,25,1730,1,2,2,1.0,3,9,"., GAMBETTA (AVE) DU 01",,,,330,4,0.0,,,1.0,1.0,,,0.0,1.0,1.0,0.0,60.0,1.0,0.0,1.0,99.0
201400023856,14,10,3,1610,1,1,1,1.0,6,529,"., DE GAULLE (AVE CHARLE",,,,330,3,0.0,,,2.0,2.0,,,0.0,1.0,1.0,0.0,0.0,0.0,0.0,1.0,0.0
201400023857,14,10,12,1920,5,2,2,1.0,3,529,"., PLOS (RUE GUSTAVE FER",,,,330,4,0.0,,,2.0,2.0,,,0.0,1.0,1.0,0.0,70.0,1.0,0.0,1.0,99.0
201400023858,14,10,13,1200,1,2,2,1.0,3,9,"., LAMARQUE PLAISANCE (C",,,,330,4,0.0,,,2.0,2.0,,,0.0,1.0,1.0,0.0,80.0,2.0,0.0,1.0,99.0
201400023859,14,10,16,1945,5,2,1,1.0,6,529,"83, DE GAULLE (AVE CHARL",,,,330,4,0.0,,,2.0,2.0,,,0.0,1.0,1.0,0.0,73.0,1.0,0.0,1.0,99.0
201400023860,14,10,25,1210,1,2,2,1.0,3,9,RAPP (AVE),,,,330,4,0.0,,,2.0,2.0,,,0.0,1.0,1.0,0.0,59.0,1.0,0.0,1.0,0.0
201400023861,14,10,22,1914,5,2,1,1.0,6,9,"., REGUE VERTE (AVE)* BA",,,,330,4,0.0,,,2.0,2.0,,,0.0,1.0,1.0,0.0,0.0,1.0,0.0,1.0,99.0
201400023862,14,11,10,1930,5,2,9,1.0,3,529,"., LECLERC (AVE DU GAL)",,,,330,4,0.0,,,2.0,2.0,,,0.0,1.0,3.0,0.0,87.0,1.0,0.0,1.0,99.0
201400023863,14,11,28,1400,1,2,3,1.0,3,529,"., LECLERC (AVE DU GAL)",,,,330,4,0.0,,,2.0,2.0,,,0.0,1.0,1.0,0.0,78.0,1.0,0.0,1.0,99.0
201400023864,14,11,27,930,1,1,1,1.0,3,9,"., ALBERT 1ER (RUE)",,,,330,4,0.0,,,1.0,1.0,,,0.0,1.0,1.0,0.0,50.0,1.0,0.0,1.0,99.0
201400023865,14,12,13,2115,5,2,6,1.0,1,529,"., CAZAUX (BD DE)",,,,330,3,112.0,,,2.0,2.0,,,0.0,1.0,2.0,0.0,82.0,1.0,0.0,1.0,0.0
201400023866,14,12,12,2050,5,2,9,1.0,6,529,"., CARNOT (RUE DU PRESID",,,,330,4,0.0,,,1.0,1.0,,,0.0,1.0,1.0,0.0,55.0,1.0,0.0,1.0,99.0
201400023867,14,12,28,1415,1,2,6,1.0,3,9,"., GRANDS CHENES (CITE)",,,,330,3,1250.0,,,2.0,2.0,,,0.0,1.0,3.0,0.0,0.0,1.0,0.0,1.0,99.0
201400023877,14,1,2,745,2,2,3,2.0,3,63,QUAI DE LA SOUYS,,,,330,4,0.0,,,2.0,4.0,,,1.0,1.0,2.0,0.0,0.0,2.0,0.0,1.0,0.0
201400023878,14,1,2,1650,1,2,3,1.0,3,63,RUE DE PESSAC,,,,330,4,0.0,,,2.0,4.0,,,1.0,1.0,3.0,0.0,0.0,1.0,0.0,1.0,0.0
201400023879,14,12,31,2000,5,2,1,1.0,3,63,"27, RUE DOC CHARLES NANC",,,,330,4,0.0,,,2.0,4.0,,,1.0,1.0,1.0,0.0,0.0,1.0,0.0,1.0,0.0
201400023880,14,1,2,1920,5,2,1,1.0,3,63,"139, RUE FONDAUDEGE",,,,330,4,0.0,,,2.0,2.0,,,2.0,1.0,1.0,0.0,0.0,2.0,0.0,1.0,0.0
201400023881,14,1,6,1530,1,2,2,1.0,2,63,"88, RUE BERNARD ADOUR CA",,,,330,4,0.0,,,1.0,1.0,,,0.0,1.0,1.0,0.0,0.0,1.0,0.0,1.0,0.0
201400023882,14,1,7,2043,5,2,1,1.0,6,63,"5, PCE LOUIS BARTHOU",,,,330,4,0.0,,,2.0,5.0,,,3.0,1.0,1.0,0.0,0.0,1.0,4.0,1.0,0.0
201400023883,14,1,2,1715,2,2,1,1.0,6,162,"2, ALL DE L'EUROPE",,,,330,4,0.0,,,2.0,1.0,,,0.0,1.0,1.0,0.0,0.0,1.0,0.0,1.0,0.0
201400023884,14,1,2,1630,1,2,1,1.0,3,281,"24, AVE DE LA SOMME",,,,330,4,0.0,,,2.0,4.0,,,2.0,1.0,4.0,0.0,0.0,1.0,0.0,1.0,0.0
201400023885,14,1,6,1700,1,2,2,1.0,3,63,CRS SAINT LOUIS,,,,330,4,0.0,,,1.0,2.0,,,0.0,1.0,1.0,0.0,0.0,1.0,0.0,0.0,0.0
201400023886,14,1,6,1425,1,2,6,1.0,6,281,AVE DE L'YSER,,,,330,4,0.0,,,0.0,1.0,,,0.0,0.0,0.0,0.0,0.0,0.0,0.0,0.0,0.0
201400023887,14,1,3,1926,5,2,1,1.0,2,167,QUAI DE LA SOUYS,,,,330,4,0.0,,,3.0,2.0,,,0.0,1.0,1.0,0.0,0.0,1.0,0.0,1.0,0.0
201400023888,14,1,9,1140,1,2,3,1.0,6,63,"95, RUE BELLEVILLE",,,,330,4,0.0,,,3.0,5.0,,,0.0,1.0,1.0,0.0,0.0,1.0,0.0,1.0,0.0
201400023889,14,1,12,200,5,2,3,1.0,6,63,"61, QUAI DES CHARTRONS",,,,330,3,0.0,,,3.0,7.0,,,1.0,1.0,1.0,0.0,0.0,1.0,0.0,1.0,0.0
201400023890,14,1,8,830,1,2,1,1.0,5,281,"23, AVE MARCEL DASSAULT",,,,330,4,0.0,,,2.0,2.0,,,0.0,1.0,1.0,0.0,0.0,1.0,0.0,1.0,0.0
201400023891,14,1,12,1445,1,2,2,1.0,3,63,RUE STEHELIN CAUD,,,,330,3,0.0,,,2.0,1.0,,,0.0,1.0,1.0,0.0,0.0,1.0,0.0,1.0,0.0
201400023892,14,1,8,1750,5,2,5,1.0,3,281,AVE PRESIDENT J.F. KENNE,,,,330,4,0.0,,,0.0,1.0,,,0.0,0.0,0.0,0.0,0.0,0.0,0.0,0.0,0.0
201400023893,14,1,10,856,1,2,2,1.0,6,63,"75, CRS DE L'YSER",,,,330,4,0.0,,,2.0,2.0,,,2.0,1.0,1.0,0.0,0.0,1.0,0.0,1.0,0.0
201400023894,14,1,3,1420,1,2,3,1.0,3,39,RUE FERDINAND BUISSON,,,,330,4,0.0,,,2.0,2.0,,,0.0,1.0,1.0,0.0,0.0,1.0,0.0,1.0,0.0
201400023895,14,1,11,1700,1,2,3,1.0,6,63,PONT SAINT- JEAN,,,,330,4,0.0,,,3.0,4.0,,,0.0,1.0,1.0,0.0,0.0,1.0,0.0,1.0,0.0
201400023896,14,1,7,1645,1,2,1,1.0,3,167,"38, AVE HUBERT DUBEDOUT",,,,330,4,0.0,,,2.0,2.0,,,0.0,1.0,1.0,0.0,0.0,1.0,0.0,1.0,0.0
201400023897,14,1,11,940,1,2,1,1.0,3,281,"7, AVE DE L'ALOUETTE",,,,330,4,0.0,,,2.0,3.0,,,0.0,1.0,1.0,0.0,0.0,1.0,0.0,1.0,0.0
201400023898,14,1,11,240,5,2,1,1.0,7,281,"364, AVE D'ARES",,,,330,4,0.0,,,2.0,2.0,,,0.0,1.0,1.0,0.0,0.0,1.0,0.0,1.0,0.0
201400023899,14,1,12,1406,1,2,2,1.0,3,281,AVE DU MARECHAL GALLIENI,,,,330,4,0.0,,,1.0,1.0,,,0.0,1.0,1.0,0.0,0.0,1.0,0.0,1.0,0.0
201400023900,14,1,13,725,5,2,4,2.0,5,63,QUAI SAINTE- CROIX,,,,330,3,0.0,,,3.0,9.0,,,0.0,1.0,2.0,0.0,0.0,2.0,0.0,1.0,0.0
201400023901,14,1,10,1610,1,2,6,1.0,2,281,AVE ROLAND GARROS,,,,330,3,1563.0,,,2.0,2.0,,,0.0,1.0,1.0,0.0,0.0,1.0,0.0,0.0,0.0
201400023902,14,1,9,1040,1,2,2,1.0,3,281,AVE DE LA LIBERATION,,,,330,4,0.0,,,1.0,4.0,,,0.0,1.0,1.0,0.0,0.0,1.0,0.0,1.0,0.0
201400023903,14,1,7,2319,5,2,1,1.0,7,522,RUE BOURGES,,,,330,4,0.0,,,2.0,2.0,,,0.0,1.0,1.0,0.0,0.0,1.0,0.0,1.0,0.0
201400023904,14,12,31,1729,1,2,3,1.0,2,318,AVE DU GENERAL LECLERC,,,,330,4,0.0,,,2.0,2.0,,,1.0,1.0,1.0,0.0,30.0,1.0,0.0,1.0,0.0
201400023905,14,12,31,1930,1,2,1,1.0,1,39,"141, RUE ALEXIS LABRO",,,,330,4,0.0,,,2.0,4.0,,,0.0,1.0,1.0,0.0,35.0,1.0,0.0,1.0,0.0
201400023906,14,1,13,1400,1,2,3,1.0,5,318,AVE PASTEUR,,,,330,4,0.0,,,2.0,3.0,,,0.0,1.0,1.0,0.0,0.0,1.0,0.0,1.0,0.0
201400023907,14,1,16,1450,1,2,3,1.0,3,63,"70, CRS D'ALBRET",,,,330,4,0.0,,,2.0,4.0,,,0.0,1.0,1.0,0.0,0.0,1.0,0.0,1.0,3.0
201400023908,14,1,14,1640,1,2,3,1.0,6,318,"156, AVE JEAN JAURES",,,,330,4,0.0,,,3.0,2.0,,,2.0,1.0,1.0,0.0,0.0,2.0,0.0,1.0,0.0
201400023909,14,1,18,50,5,2,3,1.0,3,63,"71, CRS ARISTIDE BRIAND",,,,330,4,0.0,,,2.0,2.0,,,0.0,1.0,1.0,0.0,0.0,1.0,0.0,1.0,0.0
201400023910,14,1,19,1150,1,2,2,1.0,6,63,RUE DE LA FUSTERIE,,,,330,4,0.0,,,1.0,0.0,,,0.0,1.0,1.0,0.0,0.0,1.0,0.0,1.0,0.0
201400023911,14,1,13,730,5,2,1,2.0,5,63,PONT SAINT- JEAN,,,,330,4,0.0,,,3.0,6.0,,,1.0,1.0,1.0,0.0,0.0,2.0,0.0,1.0,0.0
201400023912,14,1,19,1110,1,2,1,1.0,7,63,PONT DU GUIT,,,,330,4,0.0,,,2.0,2.0,,,0.0,1.0,2.0,0.0,0.0,2.0,0.0,1.0,0.0
201400023913,14,1,10,740,2,2,3,1.0,3,318,AVE DE MONBALLON,,,,330,4,0.0,,,2.0,2.0,,,0.0,1.0,1.0,0.0,0.0,1.0,0.0,1.0,3.0
201400023914,14,1,17,1105,1,2,3,1.0,3,63,RUE ESPRIT-DES-LOIS,,,,330,4,0.0,,,2.0,2.0,,,2.0,1.0,1.0,0.0,0.0,1.0,0.0,1.0,0.0
201400023915,14,1,19,700,5,2,3,2.0,6,63,PCE DE LA VICTOIRE,,,,330,4,0.0,,,2.0,0.0,,,0.0,1.0,1.0,0.0,0.0,2.0,0.0,1.0,0.0
201400023916,14,1,14,940,1,2,3,3.0,1,13,AVE DE L'EGLISE ROMANE,,,,330,4,0.0,,,0.0,0.0,,,0.0,0.0,0.0,0.0,0.0,0.0,0.0,0.0,0.0
201400023917,14,1,15,2010,4,2,3,1.0,3,13,AVE DES TABERNOTTES,,,,330,4,0.0,,,1.0,1.0,,,0.0,1.0,1.0,0.0,0.0,1.0,0.0,1.0,0.0
201400023918,14,1,16,1445,1,2,1,1.0,3,167,ALL DE LA GABARRE,,,,330,4,0.0,,,2.0,3.0,,,0.0,1.0,1.0,0.0,145.0,1.0,0.0,1.0,0.0
201400023919,14,1,16,1655,1,2,2,1.0,3,318,AVE DU DOCTEUR ROGER MAR,,,,330,4,0.0,,,2.0,2.0,,,0.0,1.0,1.0,20.0,87.0,1.0,0.0,1.0,0.0
201400023920,14,1,14,750,5,2,2,2.0,3,39,AVE JEANNE D'ARC,,,,330,4,0.0,,,2.0,2.0,,,0.0,1.0,1.0,0.0,0.0,2.0,0.0,1.0,0.0
201400023921,14,1,15,1950,5,2,2,1.0,6,63,QUAI DES QUEYRIES,,,,330,4,0.0,,,3.0,4.0,,,0.0,1.0,1.0,0.0,0.0,2.0,0.0,1.0,0.0
201400023922,14,1,21,1455,1,2,2,1.0,3,63,RUE LAFAURIE DE MONBADON,,,,330,4,0.0,,,0.0,0.0,,,0.0,0.0,0.0,0.0,0.0,0.0,0.0,0.0,0.0
201400023923,14,1,16,1120,1,2,3,1.0,3,75,AVE DE LA RESERVE,,,,330,4,0.0,,,2.0,4.0,,,0.0,1.0,1.0,0.0,0.0,2.0,0.0,1.0,0.0
201400023924,14,1,21,750,1,2,1,1.0,2,63,RUE DE LA PELOUSE DE DOU,,,,330,4,0.0,,,3.0,4.0,,,0.0,1.0,1.0,0.0,0.0,1.0,0.0,1.0,0.0
201400023925,14,1,16,2145,5,2,3,1.0,3,162,AVE DU MEDOC,,,,330,4,0.0,,,1.0,1.0,,,0.0,1.0,1.0,0.0,0.0,1.0,0.0,1.0,0.0
201400023926,14,1,21,900,1,2,1,1.0,2,63,QUAI DE PALUDATE,,,,330,4,0.0,,,2.0,2.0,,,2.0,1.0,1.0,0.0,0.0,1.0,0.0,1.0,0.0
201400023927,14,1,18,1300,1,2,3,2.0,2,281,"132, AVE DE LA MARNE",,,,330,4,0.0,,,0.0,0.0,,,0.0,0.0,0.0,0.0,0.0,0.0,0.0,1.0,0.0
201400023928,14,1,16,810,1,2,6,1.0,3,281,AVE FRANCOIS MITTERRAND,,,,330,4,0.0,,,3.0,2.0,,,0.0,1.0,3.0,0.0,0.0,1.0,0.0,1.0,0.0
201400023929,14,1,17,820,1,2,2,1.0,6,249,AVE DE PARIS,,,,330,4,0.0,,,0.0,2.0,,,1.0,0.0,0.0,0.0,0.0,0.0,0.0,0.0,0.0
201400023930,14,1,20,715,5,2,1,2.0,6,249,AVE CARNOT,,,,330,4,0.0,,,3.0,4.0,,,0.0,1.0,1.0,0.0,0.0,2.0,4.0,1.0,0.0
201400023931,14,1,17,1000,1,2,1,1.0,6,249,AVE DE LA LIBERATION,,,,330,4,0.0,,,3.0,4.0,,,0.0,1.0,1.0,0.0,0.0,1.0,4.0,1.0,0.0
201400023932,14,1,17,510,5,2,1,1.0,2,39,RUE GUSTAVE EIFFEL,,,,330,4,0.0,,,2.0,2.0,,,0.0,1.0,1.0,0.0,0.0,1.0,0.0,1.0,0.0
201400023933,14,1,17,1324,1,2,1,1.0,3,69,"44, AVE VICTOR HUGO",,,,330,4,0.0,,,2.0,0.0,,,0.0,1.0,1.0,0.0,0.0,1.0,0.0,1.0,0.0
201400023934,14,1,17,1910,5,2,6,1.0,2,550,CHEM DE COUHINS,,,,330,4,0.0,,,2.0,0.0,,,0.0,1.0,1.0,0.0,0.0,1.0,0.0,1.0,0.0
201400023935,14,1,20,1550,1,2,6,2.0,3,200,RUE VICTOR HUGO,,,,330,4,0.0,,,2.0,2.0,,,0.0,1.0,3.0,0.0,0.0,2.0,5.0,1.0,0.0
201400023936,14,1,17,1850,5,2,3,1.0,6,550,"555, RTE DE TOULOUSE",,,,330,4,0.0,,,3.0,2.0,,,0.0,1.0,0.0,0.0,0.0,1.0,0.0,1.0,0.0
201400023937,14,1,10,835,1,2,1,1.0,3,522,"351, CRS DE LA LIBERATIO",,,,330,4,0.0,,,2.0,4.0,,,0.0,1.0,1.0,0.0,0.0,1.0,4.0,1.0,0.0
201400023938,14,1,23,1700,1,2,1,2.0,5,522,"88, CRS MARECHAL GALLIEN",,,,330,4,0.0,,,2.0,2.0,,,0.0,1.0,3.0,0.0,0.0,2.0,0.0,1.0,0.0
201400023939,14,1,18,1425,1,2,1,1.0,3,75,"27, AVE PERIER",,,,330,4,0.0,,,2.0,2.0,,,0.0,1.0,1.0,0.0,0.0,1.0,0.0,1.0,0.0
201400023940,14,1,24,1953,5,2,4,2.0,3,63,IMP Brown de COLSTOUN,,,,330,4,0.0,,,2.0,2.0,,,0.0,1.0,1.0,0.0,0.0,2.0,0.0,0.0,0.0
201400023941,14,1,25,1630,1,2,1,1.0,3,63,"3, QUAI DE LA SOUYS",,,,330,4,0.0,,,2.0,4.0,,,3.0,1.0,1.0,0.0,0.0,2.0,0.0,1.0,0.0
201400023942,14,1,26,225,5,2,4,2.0,1,63,RUE DOC CHARLES NANCEL P,,,,330,4,0.0,,,2.0,3.0,,,1.0,3.0,2.0,0.0,120.0,2.0,0.0,1.0,0.0
201400023943,14,1,24,1850,5,2,2,3.0,6,63,RUE CORPS FRANC POMMIES,,,,330,4,0.0,,,2.0,3.0,,,0.0,1.0,1.0,0.0,0.0,2.0,0.0,1.0,0.0
201400023944,14,1,25,1740,1,2,1,1.0,6,63,"24, CRS GEORGES CLEMENCE",,,,330,4,0.0,,,2.0,4.0,,,3.0,1.0,1.0,0.0,0.0,1.0,0.0,1.0,0.0
201400023945,14,1,24,1700,1,2,1,2.0,2,63,"150, AVE THIERS",,,,330,4,0.0,,,2.0,6.0,,,0.0,1.0,1.0,0.0,0.0,2.0,4.0,1.0,0.0
201400023946,14,1,28,35,5,2,2,2.0,3,63,CARLES (RUE VITAL),,,,330,4,0.0,,,2.0,2.0,,,0.0,1.0,1.0,0.0,0.0,2.0,4.0,1.0,0.0
201400023947,14,1,21,1635,1,2,2,1.0,3,39,FAVARQUE (AVE),,,,330,4,0.0,,,2.0,2.0,,,0.0,1.0,1.0,0.0,0.0,1.0,0.0,1.0,0.0
201400023948,14,1,20,1455,1,2,3,1.0,3,522,RUE DE LA REPUBLIQUE,,,,330,4,0.0,,,1.0,3.0,,,0.0,1.0,1.0,0.0,20.0,1.0,0.0,1.0,0.0
201400023949,14,12,19,2200,5,2,1,1.0,6,63,"74, AVE THIERS",,,,330,4,0.0,,,3.0,8.0,,,1.0,1.0,1.0,0.0,0.0,1.0,4.0,1.0,0.0
201400023950,14,1,27,1340,1,2,1,2.0,7,63,AVE DE LABARDE,,,,330,4,0.0,,,2.0,2.0,,,0.0,1.0,1.0,0.0,0.0,2.0,0.0,1.0,0.0
201400023951,14,1,27,1750,2,2,1,2.0,6,63,"15/21, BD DU PRESIDENT W",,,,330,4,0.0,,,3.0,4.0,,,0.0,1.0,1.0,0.0,0.0,2.0,0.0,1.0,0.0
201400023952,14,1,27,1120,1,2,2,3.0,6,63,AVE MARCEL DASSAULT,,,,330,4,0.0,,,2.0,3.0,,,0.0,1.0,1.0,0.0,0.0,2.0,0.0,1.0,0.0
201400023953,14,1,30,1515,1,2,4,1.0,6,63,PCE MARTYRS DE LA RESIST,,,,330,4,0.0,,,1.0,1.0,,,0.0,1.0,1.0,0.0,0.0,1.0,0.0,0.0,0.0
201400023954,14,1,30,1310,1,2,3,1.0,3,63,RUE CROIX DE SEGUEY,,,,330,4,0.0,,,1.0,2.0,,,3.0,1.0,1.0,0.0,0.0,1.0,0.0,1.0,0.0
201400023955,14,1,28,805,1,2,1,2.0,3,281,"221, AVE DE L'ARGONNE",,,,330,4,0.0,,,2.0,2.0,,,0.0,1.0,1.0,0.0,0.0,2.0,0.0,1.0,0.0
201400023956,14,1,27,745,4,2,6,3.0,3,63,CRS DE L'ARGONNE,,,,330,4,0.0,,,0.0,0.0,,,0.0,0.0,0.0,0.0,0.0,0.0,0.0,0.0,0.0
201400023957,14,2,1,1110,1,2,1,1.0,6,69,BD GODARD,,,,330,4,0.0,,,3.0,4.0,,,2.0,2.0,2.0,0.0,0.0,2.0,0.0,4.0,0.0
201400023958,14,1,31,1110,1,2,7,1.0,6,63,AVE D'ARES CAUD,,,,330,3,0.0,,,1.0,1.0,,,0.0,1.0,1.0,0.0,0.0,1.0,0.0,1.0,0.0