Num_Acc,an,mois,jour,hrmn,lum,agg,int,atm,col,com,adr,gps,lat,long,dep,catr,voie,v1,v2,circ,nbv,pr,pr1,vosp,prof,plan,lartpc,larrout,surf,infra,situ,env1
201400024230,14,5,16,810,1,2,3,1.0,3,63,"92, CRS MARECHAL JUIN",,,,330,4,0.0,,,1.0,3.0,,,2.0,1.0,1.0,0.0,102.0,1.0,0.0,1.0,0.0
201400024231,14,5,4,416,5,2,1,1.0,6,13,AVE DU PEYROU,,,,330,4,0.0,,,2.0,0.0,,,0.0,1.0,1.0,0.0,40.0,1.0,0.0,4.0,0.0
201400024232,14,5,16,1615,1,2,1,1.0,6,167,"25, AVE DE LA LIBERATION",,,,330,4,0.0,,,2.0,2.0,,,0.0,1.0,1.0,0.0,110.0,1.0,0.0,1.0,3.0
201400024233,14,5,16,1800,1,2,1,1.0,6,63,"24, QUAI DE LA SOUYS",,,,330,4,,,,2.0,5.0,,,0.0,1.0,1.0,0.0,0.0,1.0,0.0,1.0,0.0
201400024234,14,5,16,1950,1,2,3,1.0,3,63,"21-23, RUE ALFRED DE VIG",,,,330,4,0.0,,,2.0,2.0,,,0.0,1.0,1.0,0.0,80.0,1.0,0.0,1.0,0.0
201400024235,14,5,16,2120,2,2,2,1.0,7,63,BRICAUD (CRS CHARLES),,,,330,4,0.0,,,1.0,1.0,,,0.0,1.0,1.0,0.0,0.0,1.0,0.0,1.0,0.0
201400024236,14,5,14,950,1,2,3,1.0,3,318,"92 Bis, AVE DE NOES",,,,330,4,0.0,,,2.0,2.0,,,0.0,1.0,1.0,0.0,0.0,1.0,0.0,1.0,0.0
201400024237,14,5,17,210,3,1,1,1.0,2,13,RN 89,,,,330,2,89.0,,,3.0,6.0,,,0.0,1.0,1.0,0.0,0.0,1.0,0.0,1.0,0.0
201400024238,14,5,17,1615,1,2,3,1.0,3,162,AVE DE L'HIPPODROME,,,,330,4,0.0,,,2.0,2.0,,,0.0,1.0,1.0,0.0,116.0,1.0,0.0,1.0,0.0
201400024239,14,5,17,1530,1,2,1,1.0,2,522,CRS DE LA LIBERATION,,,,330,4,0.0,,,3.0,4.0,,,0.0,1.0,1.0,0.0,70.0,1.0,0.0,1.0,0.0
201400024240,14,5,11,2205,5,2,2,1.0,1,318,AVE DU GENERAL LECLERC,,,,330,4,0.0,,,2.0,3.0,,,1.0,1.0,1.0,0.0,100.0,1.0,0.0,1.0,0.0
201400024241,14,5,19,930,1,2,2,1.0,3,75,RTE DU MEDOC,,,,330,4,0.0,,,3.0,3.0,,,1.0,1.0,1.0,0.0,0.0,1.0,0.0,1.0,0.0
201400024242,14,5,19,1120,1,2,3,1.0,2,63,RUE LUCIEN FAURE,,,,330,4,0.0,,,1.0,4.0,,,0.0,1.0,1.0,0.0,0.0,1.0,0.0,1.0,0.0
201400024243,14,5,20,800,1,2,1,2.0,3,550,AVE DES PYRENEES,,,,330,4,0.0,,,3.0,4.0,,,0.0,2.0,1.0,0.0,120.0,2.0,0.0,1.0,0.0
201400024244,14,5,17,1940,1,2,6,1.0,3,249,AVE DE LA LIBERATION,,,,330,4,0.0,,,3.0,4.0,,,3.0,1.0,3.0,0.0,0.0,1.0,4.0,1.0,0.0
201400024245,14,5,20,1745,1,2,2,2.0,6,63,"217, BD DU PRESIDENT WIL",,,,330,4,0.0,,,3.0,4.0,,,2.0,1.0,1.0,0.0,0.0,2.0,0.0,1.0,0.0
201400024246,14,5,21,1906,1,2,1,1.0,6,63,"22, PCE DE LA VICTOIRE",,,,330,4,0.0,,,2.0,3.0,,,0.0,1.0,1.0,0.0,60.0,1.0,0.0,1.0,0.0
201400024247,14,5,22,750,1,2,6,1.0,3,119,PCE DES DEUX VILLES,,,,330,4,0.0,,,3.0,2.0,,,0.0,0.0,0.0,0.0,50.0,1.0,4.0,1.0,0.0
201400024248,14,5,22,855,1,2,1,1.0,2,65,CHEM DE LA MATTE,,,,330,4,0.0,,,2.0,2.0,,,0.0,1.0,1.0,0.0,0.0,1.0,0.0,1.0,0.0
201400024249,14,5,21,1630,1,2,3,1.0,6,318,AVE COLONEL ROBERT JACQU,,,,330,4,0.0,,,2.0,2.0,,,2.0,1.0,1.0,0.0,60.0,2.0,0.0,1.0,0.0
201400024250,14,5,22,1340,1,2,1,1.0,3,281,"8, AVE MARCEL DASSAULT",,,,330,4,0.0,,,2.0,2.0,,,2.0,1.0,1.0,0.0,0.0,1.0,0.0,1.0,0.0
201400024251,14,5,22,1745,1,2,1,1.0,6,318,AVE DE LA CHATAIGNERAIE,,,,330,4,0.0,,,1.0,1.0,,,0.0,1.0,1.0,0.0,136.0,1.0,0.0,1.0,0.0
201400024252,14,5,23,1110,1,2,7,2.0,3,63,RUE DE L'EGLISE CAUD,,,,330,4,0.0,,,2.0,2.0,,,0.0,1.0,1.0,0.0,0.0,2.0,0.0,1.0,0.0
201400024253,14,5,23,1400,1,2,1,1.0,6,63,"112, AVE D'ARES CAUD",,,,330,4,0.0,,,1.0,1.0,,,2.0,0.0,0.0,0.0,0.0,1.0,0.0,1.0,0.0
201400024254,14,5,23,1710,1,2,1,1.0,3,39,RUE DU LUGAN,,,,330,4,0.0,,,2.0,2.0,,,0.0,1.0,1.0,0.0,0.0,1.0,0.0,1.0,0.0
201400024255,14,5,23,1445,1,2,6,1.0,3,63,RUE FURTADO,,,,330,4,0.0,,,2.0,2.0,,,0.0,1.0,1.0,0.0,0.0,1.0,0.0,1.0,0.0
201400024256,14,5,24,2310,5,2,2,1.0,1,63,RUE FRANCOIS LEVEQUE,,,,330,4,0.0,,,1.0,1.0,,,0.0,1.0,1.0,0.0,530.0,1.0,0.0,1.0,0.0
201400024257,14,5,25,435,5,2,2,2.0,3,63,PALUDATE (QUAI DE),,,,330,4,0.0,,,1.0,0.0,,,0.0,1.0,1.0,0.0,600.0,2.0,0.0,1.0,0.0
201400024258,14,5,25,705,1,2,2,1.0,3,63,CRS LOUIS FARGUE,,,,330,4,0.0,,,1.0,2.0,,,2.0,1.0,1.0,0.0,0.0,1.0,0.0,1.0,0.0
201400024259,14,5,26,1030,1,2,2,1.0,5,63,CRS ARISTIDE BRIAND,,,,330,4,0.0,,,1.0,1.0,,,0.0,1.0,1.0,0.0,0.0,1.0,0.0,0.0,0.0
201400024260,14,5,26,1800,1,2,1,1.0,3,13,"61, BD FEYDEAU",,,,330,4,0.0,,,2.0,2.0,,,0.0,2.0,3.0,0.0,0.0,1.0,0.0,1.0,0.0
201400024261,14,5,26,1830,1,2,3,1.0,3,281,RUE MARIE MARVINGT,,,,330,4,0.0,,,2.0,2.0,,,0.0,1.0,1.0,0.0,70.0,1.0,0.0,1.0,0.0
201400024262,14,5,26,1725,1,2,3,1.0,3,249,RUE PIERRE MENDES-FRANCE,,,,330,4,0.0,,,2.0,2.0,,,0.0,1.0,1.0,0.0,60.0,1.0,0.0,1.0,0.0
201400024263,14,5,27,850,1,2,1,1.0,3,13,AVE DE L' ILE DE FRANCE,,,,330,4,0.0,,,2.0,2.0,,,0.0,2.0,1.0,0.0,60.0,1.0,0.0,1.0,0.0
201400024264,14,5,28,1515,1,2,1,1.0,6,63,PASS DE L'HOPITAL,,,,330,4,0.0,,,1.0,1.0,,,0.0,1.0,3.0,0.0,0.0,1.0,0.0,1.0,0.0
201400024265,14,5,29,755,1,2,1,1.0,6,63,QUAI DE BACALAN,,,,330,4,0.0,,,2.0,2.0,,,0.0,1.0,1.0,0.0,0.0,1.0,4.0,1.0,0.0
201400024266,14,5,29,1830,1,2,2,1.0,3,167,RUE EMILE COMBES,,,,330,4,0.0,,,2.0,2.0,,,0.0,1.0,1.0,0.0,0.0,1.0,0.0,1.0,0.0
201400024267,14,5,30,15,5,2,1,1.0,6,119,RUE DE LA VIEILLE CURE,,,,330,4,0.0,,,2.0,2.0,,,0.0,2.0,1.0,0.0,80.0,1.0,0.0,1.0,0.0
201400024268,14,5,28,2110,1,2,2,1.0,3,200,AVE DE LA REPUBLIQUE,,,,330,4,0.0,,,2.0,2.0,,,2.0,2.0,1.0,300.0,780.0,1.0,0.0,1.0,0.0
201400024269,14,5,30,1215,1,2,1,1.0,3,162,"130, AVE DU MEDOC",,,,330,4,0.0,,,2.0,2.0,,,0.0,1.0,1.0,0.0,30.0,1.0,0.0,1.0,0.0
201400024270,14,5,29,1945,1,2,3,1.0,3,39,"416, RTE DE TOULOUSE",,,,330,4,0.0,,,2.0,2.0,,,0.0,1.0,1.0,0.0,0.0,1.0,0.0,1.0,0.0
201400024271,14,5,30,1520,1,2,1,1.0,3,281,"6, AVE DE L'YSER",,,,330,4,0.0,,,2.0,2.0,,,0.0,1.0,1.0,0.0,55.0,1.0,0.0,1.0,0.0
201400024272,14,5,31,1025,1,2,1,1.0,5,281,"334, AVE DE L'ARGONNE",,,,330,4,0.0,,,2.0,2.0,,,0.0,1.0,2.0,20.0,60.0,1.0,0.0,1.0,0.0
201400024273,14,5,28,1105,1,2,3,1.0,3,281,AVE DE LA MARNE,,,,330,4,0.0,,,3.0,2.0,,,0.0,1.0,1.0,0.0,0.0,1.0,0.0,1.0,0.0
201400024274,14,5,31,1755,1,2,6,1.0,2,63,RUE LEON BLUM,,,,330,4,0.0,,,2.0,2.0,,,0.0,1.0,2.0,0.0,0.0,1.0,0.0,1.0,0.0
201400024275,14,6,1,140,5,2,2,1.0,3,63,CRS D'ALSACE ET LORRAINE,,,,330,4,0.0,,,1.0,1.0,,,0.0,1.0,1.0,0.0,0.0,1.0,0.0,1.0,0.0
201400024276,14,6,1,250,5,2,3,1.0,6,63,RUE SAINT-JAMES,,,,330,4,0.0,,,2.0,4.0,,,0.0,1.0,1.0,0.0,0.0,1.0,0.0,0.0,0.0
201400024277,14,6,2,910,1,2,3,1.0,3,318,RUE BERNARD PALISSY,,,,330,4,0.0,,,2.0,2.0,,,0.0,1.0,1.0,0.0,0.0,1.0,0.0,1.0,0.0
201400024278,14,6,2,2145,5,2,3,1.0,6,63,RUE MANDRON,,,,330,4,0.0,,,2.0,2.0,,,0.0,1.0,1.0,0.0,0.0,1.0,0.0,1.0,0.0
201400024279,14,6,2,1200,1,2,1,1.0,2,281,"34, AVE ROLAND GARROS",,,,330,4,0.0,,,2.0,1.0,,,0.0,1.0,1.0,15.0,30.0,1.0,0.0,1.0,0.0
201400024280,14,6,3,800,1,2,2,1.0,3,63,BD ALBERT BRANDENBURG,,,,330,4,0.0,,,3.0,2.0,,,0.0,1.0,1.0,0.0,0.0,1.0,0.0,1.0,0.0
201400024281,14,6,2,2000,1,2,3,1.0,3,63,CRS DE LA LIBERATION,,,,330,4,0.0,,,2.0,3.0,,,0.0,2.0,3.0,0.0,0.0,1.0,0.0,1.0,0.0
201400024282,14,6,3,1750,1,2,1,1.0,3,63,"56, CRS EDOUARD VAILLANT",,,,330,4,0.0,,,2.0,2.0,,,2.0,1.0,1.0,0.0,600.0,1.0,0.0,1.0,0.0
201400024283,14,6,4,1305,1,2,4,1.0,6,281,"22, AVE DE L'YSER",,,,330,4,0.0,,,1.0,1.0,,,0.0,1.0,1.0,0.0,0.0,1.0,0.0,1.0,0.0
201400024284,14,6,5,1830,1,2,2,1.0,3,63,RUE AMEDEE SAINT-GERMAIN,,,,330,4,0.0,,,2.0,2.0,,,0.0,1.0,1.0,0.0,0.0,1.0,0.0,1.0,0.0
201400024285,14,6,5,830,1,2,6,1.0,3,249,RUE DE LA BUTTINIERE,,,,330,4,0.0,,,2.0,4.0,,,0.0,1.0,1.0,0.0,0.0,1.0,4.0,1.0,0.0
201400024286,14,5,26,1225,1,2,3,2.0,2,550,"21, RTE DE LEOGNAN",,,,330,4,0.0,,,3.0,3.0,,,0.0,1.0,1.0,0.0,31.0,2.0,0.0,1.0,0.0
201400024287,14,6,6,1800,1,2,1,1.0,3,63,"24, QUAI DE LA SOUYS",,,,330,4,0.0,,,2.0,3.0,,,0.0,1.0,1.0,0.0,0.0,1.0,0.0,1.0,0.0
201400024288,14,6,7,2320,5,2,1,1.0,6,39,"159, AVE DU MARECHAL LEC",,,,330,4,0.0,,,2.0,2.0,,,1.0,1.0,1.0,0.0,70.0,1.0,0.0,1.0,0.0
201400024289,14,6,9,330,5,2,1,1.0,6,63,"23, QUAI DE PALUDATE",,,,330,4,0.0,,,2.0,0.0,,,0.0,1.0,1.0,0.0,110.0,1.0,0.0,1.0,0.0
201400024290,14,6,9,1540,1,2,2,1.0,3,63,CRS ARISTIDE BRIAND,,,,330,4,0.0,,,2.0,2.0,,,1.0,1.0,1.0,0.0,0.0,1.0,0.0,1.0,0.0
201400024291,14,6,9,1820,1,2,1,1.0,3,63,BRETELLE D'ACCES (pr?cis,,,,330,4,0.0,,,1.0,1.0,,,0.0,1.0,1.0,0.0,50.0,1.0,0.0,1.0,0.0
201400024292,14,6,11,815,1,2,1,1.0,2,63,"379, BD JEAN-JACQUES BOS",,,,330,4,0.0,,,3.0,4.0,,,0.0,1.0,1.0,0.0,30.0,1.0,0.0,1.0,0.0
201400024293,14,6,11,1250,1,2,3,1.0,3,281,AVE DU TRUC,,,,330,4,0.0,,,2.0,2.0,,,0.0,1.0,1.0,0.0,0.0,1.0,0.0,1.0,0.0
201400024294,14,6,11,1945,1,2,3,1.0,3,63,AVE D'EYSINES CAUD,,,,330,4,0.0,,,2.0,2.0,,,0.0,1.0,1.0,0.0,0.0,1.0,0.0,1.0,0.0
201400024295,14,6,11,1450,1,2,2,1.0,6,63,CRS DE LA MARNE,,,,330,4,0.0,,,2.0,3.0,,,0.0,1.0,1.0,0.0,0.0,1.0,0.0,1.0,0.0
201400024296,14,6,12,840,1,2,1,1.0,3,32,AVE DE LA SOMME,,,,330,4,0.0,,,3.0,2.0,,,1.0,1.0,1.0,9.0,33.0,1.0,0.0,1.0,0.0
201400024297,14,5,30,1530,1,2,1,1.0,6,318,AVE GUSTAVE EIFFEL,,,,330,4,0.0,,,2.0,2.0,,,0.0,1.0,1.0,0.0,0.0,1.0,0.0,1.0,0.0
201400024298,14,6,12,925,1,2,2,1.0,3,167,PLACE DE LA SOUYS,,,,330,4,0.0,,,1.0,1.0,,,1.0,1.0,1.0,0.0,29.0,1.0,0.0,1.0,0.0
201400024299,14,6,12,1425,1,2,2,1.0,3,63,"49, RUE MOUNEYRA",,,,330,4,0.0,,,1.0,1.0,,,0.0,1.0,1.0,0.0,0.0,1.0,0.0,1.0,0.0
201400024300,14,6,12,1430,1,2,1,1.0,3,281,AVE RENE CASSIN,,,,330,4,0.0,,,2.0,2.0,,,0.0,2.0,1.0,0.0,0.0,1.0,0.0,1.0,0.0
201400024301,14,6,13,800,1,2,6,1.0,2,192,ALL GASTON RODRIGUES,,,,330,4,0.0,,,2.0,2.0,,,0.0,1.0,2.0,0.0,0.0,1.0,0.0,1.0,0.0
201400024302,14,6,13,840,1,2,1,1.0,6,63,"196, RUE FONDAUDEGE",,,,330,4,0.0,,,1.0,2.0,,,0.0,1.0,1.0,0.0,0.0,1.0,0.0,1.0,0.0
201400024303,14,6,13,930,1,2,1,1.0,2,200,"9, AVE DE MAGUDAS",,,,330,4,0.0,,,2.0,2.0,,,2.0,1.0,1.0,0.0,100.0,2.0,0.0,1.0,0.0
201400024304,14,6,13,1110,1,2,3,1.0,5,39,RUE FERDINAND BUISSON,,,,330,4,0.0,,,2.0,2.0,,,0.0,1.0,1.0,0.0,64.0,1.0,0.0,1.0,0.0
201400024305,14,6,13,1410,1,2,2,1.0,3,318,RUE AMBROISE PARE,,,,330,4,0.0,,,2.0,2.0,,,0.0,1.0,1.0,0.0,0.0,1.0,0.0,1.0,0.0
201400024306,14,6,14,1250,1,2,3,1.0,3,63,ACHARD (RUE ),,,,330,4,0.0,,,1.0,3.0,,,0.0,1.0,1.0,0.0,0.0,1.0,4.0,1.0,0.0
201400024307,14,6,16,1600,1,2,1,1.0,2,63,"22, RUE DES GENERAUX DUC",,,,330,4,0.0,,,2.0,2.0,,,0.0,1.0,1.0,0.0,0.0,1.0,0.0,1.0,0.0
201400024308,14,6,16,1640,1,2,3,1.0,5,167,QUAI DE LA SOUYS,,,,330,4,0.0,,,2.0,2.0,,,0.0,1.0,1.0,0.0,0.0,1.0,0.0,1.0,0.0
201400024309,14,6,16,1045,1,2,1,1.0,2,162,AVE JEAN MERMOZ,,,,330,3,0.0,,,3.0,2.0,,,0.0,1.0,1.0,0.0,0.0,1.0,0.0,1.0,0.0
201400024310,14,6,17,1915,1,2,1,1.0,3,192,"6BIS, AVE DE LA POTERIE",,,,330,4,0.0,,,2.0,2.0,,,1.0,1.0,1.0,0.0,62.0,1.0,0.0,1.0,0.0
201400024311,14,6,18,735,2,2,6,1.0,3,39,RUE DES FRERES LUMIERE,,,,330,4,0.0,,,3.0,2.0,,,0.0,1.0,3.0,0.0,0.0,1.0,0.0,1.0,0.0
201400024312,14,6,18,1220,1,2,1,1.0,4,162,AVE DE SAINT-MEDARD,,,,330,4,0.0,,,2.0,2.0,,,1.0,1.0,1.0,0.0,0.0,1.0,0.0,1.0,0.0
201400024313,14,6,19,1605,1,2,3,1.0,3,318,AVE JEAN CORDIER,,,,330,4,0.0,,,2.0,2.0,,,0.0,1.0,1.0,0.0,0.0,1.0,0.0,1.0,0.0
201400024314,14,6,20,620,1,2,2,1.0,3,39,BD JEAN-JACQUES BOSC,,,,330,4,0.0,,,2.0,2.0,,,0.0,1.0,0.0,0.0,0.0,1.0,0.0,1.0,0.0
201400024315,14,6,20,900,1,2,3,1.0,6,63,"14, ALL D'ORLEANS",,,,330,4,0.0,,,1.0,3.0,,,0.0,1.0,1.0,0.0,0.0,1.0,0.0,1.0,0.0
201400024316,14,6,20,1250,1,2,1,1.0,2,167,AVE DU PDT FRANCOIS MITT,,,,330,4,0.0,,,3.0,2.0,,,0.0,2.0,1.0,0.0,616.0,1.0,0.0,1.0,0.0
201400024317,14,6,20,1335,1,2,2,1.0,3,63,RUE FURTADO,,,,330,4,0.0,,,2.0,2.0,,,0.0,1.0,1.0,0.0,0.0,1.0,0.0,1.0,0.0
201400024318,14,6,20,1400,1,2,5,1.0,3,162,AVE DU MEDOC,,,,330,4,0.0,,,2.0,5.0,,,0.0,1.0,1.0,0.0,0.0,1.0,0.0,1.0,0.0
201400024319,14,6,20,1545,1,2,1,1.0,6,63,"10, RUE DU TEMPS PASSE",,,,330,4,0.0,,,1.0,1.0,,,2.0,1.0,1.0,0.0,60.0,1.0,0.0,1.0,0.0
201400024320,14,6,20,1855,1,2,3,1.0,3,63,CRS D'ALBRET,,,,330,4,0.0,,,2.0,2.0,,,0.0,1.0,1.0,0.0,0.0,1.0,0.0,1.0,0.0
201400024321,14,6,20,2340,5,2,3,1.0,3,63,RUE GASTON MARCHOU,,,,330,4,0.0,,,2.0,4.0,,,0.0,1.0,1.0,0.0,67.0,1.0,0.0,1.0,0.0
201400024322,14,6,21,1930,1,2,1,1.0,3,281,"66, AVE DE LA SOMME",,,,330,4,0.0,,,2.0,4.0,,,1.0,1.0,1.0,0.0,0.0,1.0,0.0,1.0,0.0
201400024323,14,6,21,2315,5,2,3,1.0,3,63,RUE BOUFFARD,,,,330,4,0.0,,,1.0,1.0,,,0.0,1.0,1.0,0.0,0.0,1.0,0.0,1.0,0.0
201400024324,14,6,22,220,5,2,1,1.0,6,63,PALUDATE (QUAI DE),,,,330,4,0.0,,,2.0,2.0,,,2.0,1.0,1.0,0.0,112.0,1.0,0.0,1.0,0.0
201400024325,14,6,21,2020,1,2,1,1.0,6,63,"154, RUE DE LA BENAUGE",,,,330,4,0.0,,,2.0,2.0,,,0.0,1.0,1.0,0.0,600.0,1.0,0.0,1.0,0.0
201400024326,14,6,22,630,2,2,2,1.0,3,63,RUE DE SAGET,,,,330,4,0.0,,,1.0,2.0,,,2.0,1.0,1.0,0.0,100.0,1.0,0.0,1.0,0.0
201400024327,14,6,22,1300,1,2,3,1.0,6,318,AVE MARC DESBATS,,,,330,4,0.0,,,2.0,2.0,,,0.0,1.0,1.0,0.0,700.0,1.0,0.0,1.0,0.0
201400024328,14,6,22,1430,1,1,1,1.0,1,281,AVE DE L'ARGONNE,,,,330,4,0.0,,,2.0,3.0,,,0.0,1.0,1.0,0.0,60.0,1.0,0.0,1.0,0.0
201400024329,14,6,23,205,5,2,1,3.0,7,63,RUE DE SAINT GENES,,,,330,4,0.0,,,0.0,0.0,,,0.0,0.0,0.0,0.0,0.0,2.0,0.0,1.0,0.0
201400024330,14,6,23,1645,1,2,1,1.0,3,63,RUE STEHELIN CAUD,,,,330,4,0.0,,,2.0,2.0,,,0.0,1.0,1.0,0.0,0.0,1.0,0.0,1.0,0.0
201400024331,14,6,20,845,1,2,3,1.0,4,63,AVE DE LAROQUE,,,,330,4,0.0,,,0.0,5.0,,,0.0,1.0,1.0,0.0,0.0,1.0,0.0,1.0,0.0
201400024332,14,6,24,1205,1,2,3,1.0,3,281,AVE PIERRE MENDES FRANCE,,,,330,4,0.0,,,2.0,2.0,,,1.0,2.0,1.0,0.0,80.0,1.0,0.0,1.0,0.0
201400024333,14,6,24,1530,1,2,3,1.0,6,63,CRS DE LA MARNE,,,,330,4,0.0,,,1.0,3.0,,,3.0,1.0,1.0,0.0,0.0,1.0,0.0,1.0,0.0
201400024334,14,6,24,1910,1,2,2,1.0,3,63,CRS VICTOR HUGO,,,,330,4,0.0,,,2.0,2.0,,,0.0,1.0,1.0,0.0,0.0,1.0,0.0,1.0,0.0
201400024335,14,6,25,720,1,2,3,1.0,3,318,AVE DE BEUTRE,,,,330,4,0.0,,,2.0,2.0,,,0.0,1.0,1.0,0.0,0.0,1.0,0.0,1.0,0.0
201400024336,14,6,25,1845,1,2,1,1.0,4,281,"34, AVE DE LA GRANGE NOI",,,,330,4,0.0,,,2.0,2.0,,,0.0,1.0,1.0,0.0,60.0,1.0,0.0,1.0,0.0
201400024337,14,6,26,2100,1,2,1,1.0,6,162,"99, AVE DE SAINT-MEDARD",,,,330,4,0.0,,,2.0,2.0,,,0.0,1.0,1.0,0.0,72.0,1.0,0.0,1.0,0.0
201400024338,14,6,25,2300,5,2,2,1.0,3,75,Rue Raymond MANAUD,,,,330,4,0.0,,,2.0,2.0,,,0.0,1.0,1.0,0.0,500.0,1.0,0.0,1.0,0.0
201400024339,14,6,20,820,1,2,2,1.0,6,162,AVE DU MAL DE LATTRE DE,,,,330,4,0.0,,,2.0,3.0,,,0.0,1.0,1.0,0.0,0.0,1.0,0.0,1.0,0.0
201400024340,14,6,26,1850,1,2,3,1.0,6,63,BD DU PRESIDENT WILSON,,,,330,4,0.0,,,3.0,4.0,,,0.0,1.0,1.0,0.0,0.0,1.0,0.0,1.0,0.0
201400024341,14,6,25,1235,1,2,2,1.0,3,550,RUE DE LA PAIX,,,,330,4,0.0,,,2.0,2.0,,,0.0,1.0,1.0,0.0,55.0,1.0,0.0,1.0,0.0
201400024342,14,6,27,715,1,2,1,1.0,2,32,QUAI DE VIAL,,,,330,4,0.0,,,2.0,2.0,,,0.0,1.0,2.0,0.0,0.0,1.0,0.0,1.0,0.0
201400024343,14,6,27,2005,1,2,1,1.0,2,63,"53, CRS GEORGES CLEMENCE",,,,330,4,0.0,,,3.0,4.0,,,0.0,1.0,1.0,0.0,200.0,1.0,0.0,1.0,0.0
201400024344,14,6,26,2035,1,2,1,1.0,7,63,AVE DE LAROQUE,,,,330,4,0.0,,,2.0,2.0,,,0.0,1.0,1.0,0.0,0.0,1.0,0.0,1.0,0.0
201400024345,14,6,28,1535,1,2,1,1.0,7,167,COTE DE MONREPOS,,,,330,4,0.0,,,2.0,2.0,,,0.0,2.0,1.0,0.0,70.0,1.0,0.0,1.0,0.0
201400024346,14,6,29,1715,1,2,2,1.0,3,281,AVE DU PRESIDENT WILSON,,,,330,4,0.0,,,2.0,2.0,,,0.0,1.0,1.0,0.0,70.0,1.0,0.0,1.0,0.0
201400024347,14,6,30,805,1,2,2,1.0,2,281,"325, AVE ARISTIDE BRIAND",,,,330,4,0.0,,,2.0,2.0,,,0.0,1.0,1.0,0.0,0.0,1.0,0.0,1.0,0.0
201400024348,14,6,30,740,1,2,4,1.0,4,281,"42, AVE DE LA SOMME",,,,330,4,0.0,,,3.0,3.0,,,1.0,1.0,1.0,12.0,59.0,1.0,0.0,1.0,0.0
201400024349,14,6,30,1940,1,2,2,1.0,3,63,PELLEPORT (RUE ),,,,330,4,0.0,,,1.0,1.0,,,1.0,1.0,1.0,0.0,0.0,1.0,0.0,1.0,0.0
201400024350,14,7,1,855,1,2,2,1.0,3,281,AVE DU CHUT,,,,330,4,0.0,,,2.0,2.0,,,0.0,1.0,2.0,0.0,80.0,1.0,0.0,1.0,0.0
201400024351,14,7,1,1223,1,2,1,1.0,3,522,"203, RTE DE TOULOUSE",,,,330,4,0.0,,,2.0,2.0,,,0.0,1.0,1.0,0.0,110.0,0.0,0.0,1.0,0.0
201400024352,14,7,1,1230,1,2,2,1.0,6,63,RUE MARCEL PAGNOL,,,,330,4,0.0,,,2.0,2.0,,,0.0,1.0,1.0,0.0,0.0,1.0,0.0,1.0,0.0
201400024353,14,7,1,1655,1,2,2,1.0,3,162,AVE DU MEDOC,,,,330,4,0.0,,,3.0,5.0,,,0.0,1.0,1.0,20.0,60.0,1.0,0.0,1.0,0.0
201400024354,14,7,1,1700,1,2,7,1.0,2,281,"86 Ter, AVE DE LA LIBERA",,,,330,4,0.0,,,0.0,2.0,,,0.0,0.0,0.0,0.0,0.0,0.0,0.0,0.0,0.0
201400024355,14,7,1,1400,1,2,1,2.0,3,39,"102, AVE LUCIEN LEROUSSE",,,,330,4,0.0,,,2.0,2.0,,,1.0,1.0,1.0,0.0,57.0,1.0,0.0,1.0,0.0
201400024356,14,6,30,2130,5,2,1,1.0,7,318,AVE DU HAUT-BRION,,,,330,4,0.0,,,2.0,2.0,,,0.0,1.0,0.0,0.0,30.0,1.0,0.0,1.0,0.0
201400024357,14,7,1,2340,3,2,1,1.0,6,75,PONTS (AVE DES 4),,,,330,4,0.0,,,2.0,2.0,,,1.0,1.0,1.0,0.0,0.0,1.0,0.0,1.0,0.0
201400024358,14,7,1,1255,1,2,1,1.0,3,63,"21, MOUNEYRA (RUE )",,,,330,4,0.0,,,1.0,1.0,,,0.0,1.0,1.0,0.0,0.0,1.0,0.0,1.0,0.0
201400024359,14,7,2,720,1,2,2,1.0,3,63,RUE BUHAN,,,,330,4,0.0,,,1.0,1.0,,,0.0,1.0,1.0,0.0,0.0,1.0,0.0,1.0,0.0
201400024360,14,6,30,2028,1,2,2,1.0,3,318,AVE JEAN JAURES,,,,330,4,0.0,,,2.0,2.0,,,0.0,1.0,1.0,0.0,80.0,1.0,0.0,1.0,0.0
201400024361,14,7,2,1330,1,2,1,1.0,3,318,"290, AVE JEAN JAURES",,,,330,4,0.0,,,3.0,2.0,,,1.0,1.0,1.0,10.0,60.0,1.0,0.0,1.0,0.0
201400024362,14,7,3,1720,1,2,1,1.0,3,281,"158, AVE DES MARRONNIERS",,,,330,4,0.0,,,2.0,2.0,,,2.0,1.0,1.0,0.0,0.0,1.0,0.0,1.0,0.0
201400024363,14,7,3,1500,1,2,1,1.0,5,281,"28, RUE JACQUES PREVERT",,,,330,4,0.0,,,2.0,2.0,,,0.0,1.0,1.0,0.0,0.0,1.0,0.0,1.0,0.0
201400024364,14,7,3,1720,1,2,3,1.0,5,63,AVE DE LABARDE,,,,330,4,0.0,,,2.0,2.0,,,0.0,1.0,1.0,0.0,600.0,1.0,0.0,1.0,0.0
201400024365,14,7,4,942,1,2,2,1.0,3,281,RUE DEMEULIN,,,,330,4,0.0,,,2.0,2.0,,,0.0,1.0,1.0,0.0,70.0,1.0,0.0,1.0,0.0