Num_Acc,an,mois,jour,hrmn,lum,agg,int,atm,col,com,adr,gps,lat,long,dep,catr,voie,v1,v2,circ,nbv,pr,pr1,vosp,prof,plan,lartpc,larrout,surf,infra,situ,env1
201400024637,14,10,7,1100,1,2,2,1.0,3,75,RUE DE LA TOUR DE GASSIE,,,,330,4,0.0,,,2.0,2.0,,,0.0,1.0,1.0,0.0,0.0,1.0,0.0,1.0,0.0
201400024638,14,10,7,1000,1,2,1,1.0,7,63,RUE PERE DIEUZAIDE,,,,330,4,0.0,,,2.0,3.0,,,0.0,1.0,1.0,0.0,0.0,1.0,0.0,1.0,0.0
201400024639,14,10,7,900,1,2,1,1.0,4,63,"167 bis, ALBERT 1ER (BD",,,,330,4,0.0,,,3.0,4.0,,,0.0,1.0,1.0,0.0,73.0,2.0,0.0,1.0,0.0
201400024640,14,10,8,850,1,2,2,8.0,3,63,CRS DE L'ARGONNE,,,,330,4,0.0,,,1.0,3.0,,,2.0,2.0,1.0,0.0,21.0,2.0,4.0,1.0,0.0
201400024641,14,10,8,1030,1,2,6,1.0,1,281,RUE DE BEAUDESERT,,,,330,4,0.0,,,3.0,3.0,,,0.0,1.0,2.0,0.0,0.0,1.0,0.0,1.0,0.0
201400024642,14,10,3,900,1,2,3,1.0,6,32,RUE PAUL BERT,,,,330,4,0.0,,,1.0,1.0,,,0.0,1.0,1.0,0.0,30.0,1.0,0.0,1.0,3.0
201400024643,14,10,8,1425,1,2,3,1.0,6,63,QUAI RICHELIEU,,,,330,4,0.0,,,1.0,10.0,,,1.0,1.0,1.0,0.0,0.0,1.0,0.0,1.0,0.0
201400024644,14,10,8,1405,1,2,1,1.0,6,522,RUE ROBESPIERRE,,,,330,4,0.0,,,2.0,1.0,,,0.0,1.0,0.0,0.0,77.0,1.0,0.0,1.0,0.0
201400024645,14,10,8,1700,1,2,3,1.0,6,63,CRS VICTOR HUGO,,,,330,4,0.0,,,1.0,1.0,,,0.0,1.0,1.0,0.0,0.0,1.0,0.0,0.0,0.0
201400024646,14,10,8,1735,1,2,3,1.0,3,63,QUAI ARMAND LALANDE,,,,330,4,0.0,,,2.0,1.0,,,0.0,1.0,1.0,0.0,0.0,1.0,0.0,1.0,0.0
201400024647,14,10,8,2030,5,2,6,1.0,7,13,AVE DE VIRECOURT,,,,330,4,0.0,,,0.0,2.0,,,0.0,0.0,0.0,0.0,0.0,0.0,0.0,0.0,0.0
201400024648,14,10,9,750,2,2,1,3.0,3,63,PASTEUR CAUD (RUE ),,,,330,4,0.0,,,2.0,4.0,,,2.0,1.0,1.0,0.0,0.0,2.0,0.0,1.0,0.0
201400024649,14,10,9,2100,5,2,1,1.0,7,63,"55, CRS PASTEUR",,,,330,4,0.0,,,1.0,4.0,,,2.0,1.0,1.0,0.0,170.0,1.0,0.0,1.0,0.0
201400024650,14,10,9,1715,1,2,2,1.0,3,63,RUE VILLEDIEU,,,,330,4,0.0,,,1.0,1.0,,,0.0,1.0,1.0,0.0,0.0,1.0,0.0,1.0,0.0
201400024651,14,10,10,1540,1,2,1,1.0,1,192,"72-74, GAULLE (CRS DU GE",,,,330,4,0.0,,,2.0,3.0,,,3.0,1.0,1.0,0.0,0.0,1.0,0.0,1.0,0.0
201400024652,14,10,10,1905,1,2,6,1.0,3,318,AVE DE MAGONTY,,,,330,4,0.0,,,2.0,2.0,,,0.0,1.0,1.0,0.0,0.0,1.0,0.0,1.0,0.0
201400024653,14,10,11,930,1,2,2,1.0,3,63,RUE BERNARD ADOUR CAUD,,,,330,4,0.0,,,1.0,2.0,,,2.0,2.0,1.0,0.0,0.0,1.0,0.0,1.0,0.0
201400024654,14,10,11,2115,5,2,3,1.0,2,63,QUAI DE LA SOUYS,,,,330,4,0.0,,,2.0,2.0,,,0.0,1.0,1.0,0.0,0.0,1.0,0.0,1.0,0.0
201400024655,14,10,12,2310,4,1,3,1.0,6,550,CHEM DE CADAUJAC,,,,330,3,0.0,,,2.0,2.0,,,0.0,1.0,1.0,0.0,0.0,1.0,0.0,1.0,0.0
201400024656,14,10,13,840,1,2,1,1.0,3,281,AVE FRANCOIS MITTERRAND,,,,330,4,0.0,,,2.0,2.0,,,0.0,1.0,1.0,0.0,100.0,1.0,0.0,1.0,0.0
201400024657,14,10,12,1010,1,2,1,1.0,2,63,BD DES FRERES MOGA,,,,330,3,0.0,,,3.0,4.0,,,0.0,1.0,1.0,0.0,0.0,1.0,0.0,1.0,0.0
201400024658,14,10,13,1720,1,2,1,1.0,4,281,AVE FRANCOIS MITTERRAND,,,,330,4,0.0,,,3.0,4.0,,,0.0,1.0,1.0,0.0,0.0,1.0,0.0,1.0,0.0
201400024659,14,10,13,1620,1,2,2,1.0,6,550,RTE DE LEOGNAN,,,,330,4,0.0,,,2.0,3.0,,,1.0,1.0,1.0,0.0,90.0,1.0,0.0,1.0,0.0
201400024660,14,10,14,1400,1,2,1,1.0,2,63,QUAI ARMAND LALANDE,,,,330,4,0.0,,,2.0,2.0,,,2.0,1.0,1.0,0.0,0.0,1.0,0.0,1.0,0.0
201400024661,14,10,14,1555,1,2,3,1.0,6,63,"36, GAMBETTA (PCE )",,,,330,4,0.0,,,2.0,4.0,,,0.0,1.0,2.0,0.0,0.0,0.0,0.0,1.0,0.0
201400024662,14,10,14,1820,1,2,3,1.0,3,281,AVE DE VERDUN,,,,330,4,0.0,,,2.0,2.0,,,0.0,1.0,1.0,0.0,0.0,1.0,0.0,1.0,0.0
201400024663,14,10,14,2120,5,2,3,1.0,3,63,"22, QUAI RICHELIEU",,,,330,4,0.0,,,2.0,2.0,,,0.0,1.0,1.0,0.0,0.0,1.0,0.0,1.0,0.0
201400024664,14,10,15,1225,1,2,1,1.0,6,63,"164, RUE FRANCOIS DE SOU",,,,330,4,0.0,,,2.0,2.0,,,0.0,2.0,1.0,0.0,0.0,1.0,0.0,1.0,0.0
201400024665,14,10,15,1305,1,2,2,1.0,3,69,RUE AMIRAL COURBET,,,,330,4,0.0,,,2.0,2.0,,,0.0,1.0,1.0,0.0,0.0,1.0,0.0,1.0,0.0
201400024666,14,10,15,1430,1,2,3,1.0,3,63,RUE JULES STEEG,,,,330,4,0.0,,,1.0,1.0,,,2.0,1.0,1.0,0.0,72.0,1.0,0.0,1.0,0.0
201400024667,14,10,15,1500,1,2,1,1.0,3,63,"60, RUE MALBEC",,,,330,4,0.0,,,1.0,2.0,,,2.0,1.0,1.0,0.0,32.0,1.0,0.0,1.0,0.0
201400024668,14,10,15,1825,1,2,2,1.0,3,75,RUE JULES LADOUMEGUE,,,,330,4,0.0,,,2.0,2.0,,,0.0,1.0,1.0,0.0,0.0,1.0,0.0,1.0,0.0
201400024669,14,10,15,1845,5,2,4,1.0,3,192,AVE DE L'HIPPODROME,,,,330,4,0.0,,,3.0,4.0,,,0.0,1.0,1.0,0.0,45.0,1.0,0.0,1.0,0.0
201400024670,14,10,15,2100,5,2,2,1.0,6,162,ALL LEO LAGRANGE,,,,330,4,0.0,,,2.0,2.0,,,0.0,1.0,1.0,0.0,54.0,1.0,0.0,1.0,0.0
201400024671,14,10,15,1650,1,2,1,1.0,3,318,"11, RUE FELIX FAURE",,,,330,4,0.0,,,1.0,1.0,,,0.0,1.0,1.0,0.0,0.0,1.0,0.0,1.0,0.0
201400024672,14,10,16,900,2,2,1,2.0,6,281,"255 BIS, AVE DE VERDUN",,,,330,4,0.0,,,2.0,2.0,,,2.0,1.0,1.0,0.0,400.0,2.0,0.0,1.0,0.0
201400024673,14,10,16,1515,1,2,3,2.0,3,249,RUE FRANCOIS VILLON,,,,330,4,0.0,,,2.0,2.0,,,0.0,1.0,1.0,0.0,50.0,2.0,0.0,1.0,3.0
201400024674,14,10,16,2120,5,2,2,2.0,6,63,CRS GEORGES CLEMENCEAU,,,,330,4,0.0,,,3.0,0.0,,,0.0,3.0,1.0,0.0,0.0,2.0,0.0,1.0,0.0
201400024675,14,10,16,2125,3,2,1,1.0,2,63,AVE DE LABARDE,,,,330,3,0.0,,,2.0,0.0,,,0.0,1.0,1.0,0.0,68.0,1.0,0.0,1.0,0.0
201400024676,14,10,17,1240,1,2,2,1.0,6,63,CRS D'ALSACE ET LORRAINE,,,,330,4,0.0,,,2.0,4.0,,,0.0,2.0,1.0,0.0,0.0,1.0,0.0,1.0,0.0
201400024677,14,10,17,1420,1,2,1,1.0,3,281,"23, AVE MARCEL DASSAULT",,,,330,4,0.0,,,3.0,2.0,,,2.0,1.0,1.0,15.0,95.0,1.0,0.0,1.0,0.0
201400024678,14,10,18,220,5,2,3,1.0,1,63,LOUIS XVIII (QUAI ),,,,330,4,0.0,,,1.0,2.0,,,0.0,1.0,1.0,39.0,58.0,1.0,0.0,1.0,0.0
201400024679,14,10,18,1140,1,2,6,1.0,6,63,"37, BD DU PRESIDENT WILS",,,,330,4,0.0,,,1.0,1.0,,,0.0,1.0,2.0,0.0,0.0,0.0,0.0,1.0,0.0
201400024680,14,10,18,1740,1,2,2,1.0,3,63,RUE ESPRIT-DES-LOIS,,,,330,4,0.0,,,2.0,2.0,,,0.0,1.0,1.0,0.0,0.0,1.0,0.0,1.0,0.0
201400024681,14,10,18,2220,5,2,3,1.0,3,162,AVE DE PICOT,,,,330,4,0.0,,,2.0,2.0,,,0.0,1.0,1.0,0.0,0.0,1.0,0.0,1.0,0.0
201400024682,14,10,19,445,3,2,1,1.0,3,13,N 89,,,,330,2,89.0,,,3.0,4.0,,,0.0,1.0,3.0,0.0,60.0,1.0,0.0,1.0,0.0
201400024683,14,10,19,1430,1,2,2,1.0,3,281,AVE PIERRE MENDES FRANCE,,,,330,4,0.0,,,2.0,3.0,,,0.0,1.0,1.0,0.0,90.0,1.0,0.0,1.0,0.0
201400024684,14,10,19,1705,1,2,1,1.0,3,192,AVE DE L'HIPPODROME,,,,330,4,0.0,,,3.0,2.0,,,2.0,1.0,1.0,19.0,80.0,1.0,0.0,1.0,0.0
201400024685,14,10,18,1900,2,2,1,1.0,3,192,"331, CRS DU GENERAL DE G",,,,330,4,0.0,,,2.0,3.0,,,0.0,1.0,1.0,0.0,92.0,1.0,0.0,1.0,0.0
201400024686,14,10,20,2315,5,2,1,1.0,7,63,"4, QUAI DE PALUDATE",,,,330,4,0.0,,,3.0,3.0,,,2.0,1.0,4.0,24.0,206.0,1.0,0.0,1.0,0.0
201400024687,14,10,20,917,1,2,3,1.0,3,281,RUE DE CHARLIN,,,,330,4,0.0,,,2.0,2.0,,,0.0,1.0,1.0,0.0,0.0,1.0,0.0,1.0,0.0
201400024688,14,10,21,755,2,2,1,1.0,7,318,AVE DU GENERAL LECLERC,,,,330,4,0.0,,,2.0,4.0,,,1.0,1.0,1.0,0.0,60.0,2.0,0.0,1.0,0.0
201400024689,14,10,21,1105,1,2,3,1.0,3,63,"394, AVE DU MAL DE LATTR",,,,330,4,0.0,,,2.0,2.0,,,1.0,1.0,1.0,0.0,0.0,1.0,0.0,1.0,0.0
201400024690,14,10,21,1455,1,2,6,1.0,3,63,DOMERCQ (RUE CHARLES),,,,330,4,0.0,,,2.0,2.0,,,0.0,1.0,1.0,0.0,0.0,1.0,0.0,0.0,0.0
201400024691,14,10,21,1615,1,2,1,2.0,6,281,"124, AVE PIERRE MENDES F",,,,330,4,0.0,,,2.0,2.0,,,2.0,1.0,1.0,0.0,60.0,1.0,0.0,1.0,0.0
201400024692,14,10,22,725,2,2,2,1.0,3,281,AVE DES COLOMBES,,,,330,4,0.0,,,2.0,2.0,,,0.0,1.0,1.0,40.0,80.0,1.0,0.0,1.0,0.0
201400024693,14,10,22,710,1,2,2,1.0,6,63,RUE DE MARSEILLE,,,,330,4,0.0,,,1.0,1.0,,,0.0,1.0,1.0,0.0,0.0,1.0,0.0,1.0,0.0
201400024694,14,10,22,1330,1,2,1,1.0,3,63,"120, AVE LOUIS BARTHOU C",,,,330,4,0.0,,,2.0,2.0,,,0.0,1.0,1.0,0.0,0.0,1.0,0.0,1.0,0.0
201400024695,14,10,22,1300,1,2,1,1.0,6,63,"41, RUE FONDAUDEGE",,,,330,4,0.0,,,1.0,1.0,,,2.0,1.0,1.0,0.0,0.0,1.0,0.0,1.0,0.0
201400024696,14,10,22,1425,1,2,3,1.0,3,63,CRS VICTOR HUGO,,,,330,4,0.0,,,1.0,1.0,,,2.0,1.0,1.0,0.0,0.0,1.0,0.0,1.0,0.0
201400024697,14,10,17,1645,1,2,2,1.0,3,281,AVE DU DOCTEUR FERNAND G,,,,330,4,0.0,,,2.0,2.0,,,0.0,1.0,1.0,0.0,30.0,1.0,0.0,1.0,0.0
201400024698,14,10,22,1735,1,2,1,1.0,3,63,"347, RUE PASTEUR CAUD",,,,330,4,0.0,,,2.0,2.0,,,0.0,1.0,2.0,0.0,0.0,1.0,0.0,1.0,0.0
201400024699,14,10,22,2030,5,2,3,2.0,2,63,RUE MONTFAUCON,,,,330,4,0.0,,,2.0,2.0,,,0.0,1.0,1.0,0.0,0.0,1.0,0.0,1.0,0.0
201400024700,14,10,23,420,5,2,1,1.0,7,63,QUAI DE LA SOUYS,,,,330,4,0.0,,,2.0,5.0,,,0.0,1.0,1.0,0.0,0.0,1.0,0.0,1.0,0.0
201400024701,14,10,23,822,2,2,4,1.0,3,281,AVE DU DOC ALBERT SCHWEI,,,,330,4,0.0,,,1.0,1.0,,,1.0,1.0,1.0,0.0,40.0,1.0,0.0,1.0,0.0
201400024702,14,10,23,1750,1,2,2,1.0,3,63,ALL HAUSMANN,,,,330,4,0.0,,,2.0,2.0,,,2.0,1.0,1.0,0.0,0.0,1.0,0.0,1.0,0.0
201400024703,14,10,22,1745,1,2,6,1.0,2,162,D. 1215,,,,330,3,1215.0,,,2.0,4.0,,,0.0,1.0,3.0,0.0,0.0,1.0,0.0,1.0,0.0
201400024704,14,10,23,1815,1,2,1,1.0,3,281,AVE DE MAGUDAS,,,,330,4,0.0,,,2.0,2.0,,,2.0,1.0,1.0,0.0,40.0,1.0,0.0,1.0,0.0
201400024705,14,10,23,2120,5,2,6,1.0,3,162,AVE DE LA LIBERATION,,,,330,4,0.0,,,2.0,2.0,,,0.0,1.0,3.0,0.0,56.0,1.0,0.0,1.0,0.0
201400024706,14,10,23,2210,5,2,3,1.0,7,63,CRS DE LA MARNE,,,,330,4,0.0,,,2.0,2.0,,,0.0,1.0,1.0,0.0,0.0,1.0,0.0,1.0,0.0
201400024707,14,10,23,820,1,2,1,1.0,2,63,RUE DE LA PELOUSE DE DOU,,,,330,4,0.0,,,3.0,4.0,,,2.0,1.0,1.0,0.0,0.0,1.0,0.0,1.0,0.0
201400024708,14,10,24,937,1,2,6,1.0,3,522,RUE DU PROFESSEUR ARNOZA,,,,330,4,0.0,,,3.0,4.0,,,2.0,1.0,2.0,0.0,61.0,1.0,0.0,1.0,0.0
201400024709,14,10,24,2100,5,2,2,1.0,3,63,RUE DU VERGNE,,,,330,4,0.0,,,2.0,2.0,,,0.0,1.0,1.0,0.0,0.0,1.0,0.0,1.0,0.0
201400024710,14,10,25,715,5,2,3,1.0,6,63,QUAI DE PALUDATE,,,,330,4,0.0,,,2.0,2.0,,,2.0,1.0,1.0,0.0,97.0,1.0,0.0,1.0,0.0
201400024711,14,10,25,517,2,2,6,1.0,3,550,ROCADE EXTERIEURE,,,,330,4,0.0,,,1.0,2.0,,,0.0,1.0,1.0,0.0,0.0,1.0,0.0,1.0,0.0
201400024712,14,10,25,1000,1,2,2,1.0,3,75,AVE CHARLES DE GAULLE,,,,330,4,0.0,,,2.0,3.0,,,0.0,1.0,1.0,0.0,0.0,1.0,0.0,1.0,0.0
201400024713,14,10,25,1150,1,2,1,1.0,2,63,"279, RUE GEORGES BONNAC",,,,330,4,0.0,,,1.0,3.0,,,1.0,1.0,1.0,0.0,0.0,1.0,0.0,1.0,0.0
201400024714,14,10,25,2200,5,2,2,1.0,6,63,"229, RUE JUDAIQUE",,,,330,4,0.0,,,1.0,1.0,,,0.0,1.0,1.0,0.0,0.0,1.0,0.0,0.0,0.0
201400024715,14,10,26,40,5,2,2,1.0,6,63,"59, RUE DE PESSAC",,,,330,4,0.0,,,2.0,1.0,,,0.0,1.0,1.0,0.0,0.0,1.0,0.0,0.0,0.0
201400024716,14,10,24,1415,1,2,1,1.0,2,522,AVE PEY BERLAND,,,,330,4,0.0,,,2.0,2.0,,,0.0,1.0,1.0,0.0,60.0,1.0,0.0,1.0,0.0
201400024717,14,10,26,1633,1,2,1,1.0,6,63,RUE CHARLES DOMERCQ,,,,330,4,0.0,,,1.0,2.0,,,0.0,1.0,1.0,0.0,0.0,1.0,0.0,1.0,0.0
201400024718,14,10,26,1830,5,2,1,1.0,4,192,"32, CRS DU GENERAL DE GA",,,,330,4,0.0,,,3.0,2.0,,,2.0,1.0,1.0,0.0,52.0,1.0,0.0,1.0,0.0
201400024719,14,10,27,1215,1,2,1,1.0,6,63,AVE THIERS,,,,330,4,0.0,,,3.0,6.0,,,0.0,1.0,1.0,60.0,80.0,1.0,0.0,1.0,0.0
201400024720,14,10,27,2120,5,2,3,1.0,3,63,QUAI LOUIS XVIII,,,,330,4,0.0,,,2.0,8.0,,,0.0,1.0,1.0,40.0,318.0,1.0,0.0,1.0,0.0
201400024721,14,10,27,1950,5,2,2,1.0,3,522,RUE DES EPOUX LESGOURGUE,,,,330,4,0.0,,,2.0,2.0,,,0.0,1.0,1.0,0.0,0.0,1.0,0.0,1.0,0.0
201400024722,14,10,28,1035,1,1,1,1.0,3,63,"94, QUAI DES CHARTRONS",,,,330,4,0.0,,,3.0,7.0,,,0.0,1.0,1.0,0.0,0.0,1.0,0.0,1.0,0.0
201400024723,14,10,28,1300,1,2,3,1.0,3,281,AVE DE VERDUN,,,,330,4,0.0,,,2.0,2.0,,,0.0,1.0,1.0,0.0,59.0,1.0,0.0,1.0,0.0
201400024724,14,10,28,1715,1,2,2,1.0,1,39,GAMBETTA (RUE LEON),,,,330,4,0.0,,,2.0,2.0,,,0.0,1.0,1.0,0.0,0.0,1.0,0.0,1.0,0.0
201400024725,14,10,29,845,1,2,1,1.0,3,281,"26, AVE DE FONCASTEL",,,,330,4,0.0,,,2.0,2.0,,,2.0,1.0,1.0,0.0,65.0,1.0,0.0,1.0,0.0
201400024726,14,10,29,850,1,2,2,1.0,3,63,BD GODARD,,,,330,4,0.0,,,2.0,2.0,,,0.0,1.0,3.0,0.0,0.0,1.0,5.0,1.0,0.0
201400024727,14,10,29,930,1,2,3,1.0,6,63,RUE ROBERT SCHUMAN,,,,330,4,0.0,,,1.0,1.0,,,0.0,1.0,1.0,0.0,0.0,1.0,0.0,0.0,0.0
201400024728,14,10,29,1120,1,2,1,1.0,6,63,PCE NANSOUTY,,,,330,4,0.0,,,3.0,5.0,,,0.0,1.0,1.0,0.0,0.0,1.0,0.0,1.0,0.0
201400024729,14,10,29,1100,1,2,3,1.0,3,162,"173, AVE DE L'HIPPODROME",,,,330,4,0.0,,,2.0,2.0,,,0.0,1.0,1.0,0.0,605.0,1.0,0.0,1.0,0.0
201400024730,14,10,29,2330,5,2,6,1.0,7,318,AVE DU DOCTEUR NANCEL PE,,,,330,4,0.0,,,2.0,2.0,,,2.0,1.0,1.0,10.0,80.0,1.0,0.0,1.0,0.0
201400024731,14,10,30,815,1,2,3,1.0,6,318,AVE EUGENE ET MARC DULOU,,,,330,4,0.0,,,2.0,2.0,,,0.0,1.0,1.0,0.0,0.0,1.0,0.0,1.0,0.0
201400024732,14,10,30,1028,1,2,1,1.0,3,63,"63, CRS D'ALBRET",,,,330,4,0.0,,,2.0,4.0,,,2.0,2.0,1.0,0.0,120.0,1.0,0.0,1.0,0.0
201400024733,14,10,30,2010,5,2,3,1.0,6,63,RUE SAINT VINCENT DE PAU,,,,330,4,0.0,,,2.0,4.0,,,2.0,2.0,1.0,0.0,0.0,1.0,0.0,1.0,0.0
201400024734,14,10,30,935,1,2,1,1.0,2,281,"22, AVE ARISTIDE BRIAND",,,,330,4,0.0,,,2.0,2.0,,,2.0,1.0,1.0,0.0,40.0,1.0,0.0,1.0,0.0
201400024735,14,10,31,1300,1,2,6,1.0,3,200,AVE DE MAGUDAS,,,,330,4,0.0,,,2.0,2.0,,,0.0,1.0,1.0,0.0,0.0,1.0,0.0,1.0,0.0
201400024736,14,10,31,1650,1,2,1,1.0,3,281,"119, AVE HENRI VIGNEAU",,,,330,4,0.0,,,3.0,5.0,,,2.0,1.0,1.0,30.0,15.0,1.0,0.0,1.0,0.0
201400024737,14,10,31,1730,1,2,3,1.0,3,63,RUE GEORGES MANDEL,,,,330,4,0.0,,,2.0,1.0,,,0.0,1.0,1.0,0.0,0.0,1.0,0.0,1.0,0.0
201400024738,14,10,31,1900,5,2,1,1.0,3,522,RUE LAMARTINE,,,,330,4,0.0,,,2.0,2.0,,,0.0,1.0,1.0,0.0,400.0,1.0,0.0,1.0,0.0
201400024739,14,11,1,930,1,2,1,1.0,3,200,"33, AVE DE PARIS",,,,330,4,0.0,,,2.0,2.0,,,3.0,1.0,1.0,0.0,0.0,1.0,0.0,1.0,0.0
201400024740,14,11,1,950,1,2,4,1.0,1,281,RUE DU JARD,,,,330,4,0.0,,,2.0,2.0,,,0.0,1.0,1.0,0.0,0.0,1.0,0.0,1.0,0.0
201400024741,14,11,1,1140,1,2,1,1.0,2,63,"287, BD ALFRED DANEY",,,,330,4,0.0,,,2.0,4.0,,,2.0,1.0,1.0,0.0,120.0,1.0,0.0,1.0,0.0
201400024742,14,11,1,1322,1,2,2,1.0,3,63,"243, AVE D'EYSINES CAUD",,,,330,4,0.0,,,2.0,3.0,,,0.0,1.0,1.0,0.0,0.0,1.0,0.0,1.0,0.0
201400024743,14,11,1,2330,5,2,1,1.0,6,63,"72, QUAI DES CHARTRONS",,,,330,4,0.0,,,2.0,2.0,,,2.0,1.0,1.0,0.0,0.0,1.0,0.0,4.0,0.0
201400024744,14,11,1,1130,1,2,1,1.0,6,550,"70, RTE DE LEOGNAN",,,,330,4,0.0,,,2.0,2.0,,,0.0,1.0,1.0,0.0,0.0,1.0,0.0,1.0,0.0
201400024745,14,11,3,1640,1,2,1,2.0,7,119,AVE ROGER SCHWOB,,,,330,4,0.0,,,3.0,4.0,,,0.0,1.0,1.0,0.0,0.0,2.0,4.0,1.0,0.0
201400024746,14,11,4,900,1,2,1,1.0,3,167,"6, COTE DE L'EMPEREUR",,,,330,4,0.0,,,2.0,2.0,,,0.0,2.0,1.0,0.0,50.0,2.0,0.0,1.0,0.0
201400024747,14,11,4,1830,2,2,3,2.0,5,13,AVE DE L' ILE DE FRANCE,,,,330,4,0.0,,,2.0,2.0,,,0.0,1.0,1.0,0.0,0.0,2.0,0.0,1.0,0.0
201400024748,14,11,5,925,1,2,2,1.0,3,249,AVE DE PARIS,,,,330,4,0.0,,,2.0,2.0,,,0.0,1.0,1.0,0.0,0.0,1.0,0.0,1.0,0.0
201400024749,14,11,5,1350,1,2,3,1.0,1,63,BD MARECHAL LECLERC,,,,330,4,0.0,,,1.0,2.0,,,0.0,1.0,1.0,0.0,0.0,1.0,0.0,1.0,0.0
201400024750,14,11,5,1940,5,2,3,1.0,3,162,AVE DE L'HIPPODROME,,,,330,4,0.0,,,2.0,2.0,,,2.0,2.0,1.0,0.0,0.0,1.0,0.0,1.0,0.0
201400024751,14,11,5,2110,5,2,3,1.0,2,63,"15, RUE JUDAIQUE",,,,330,4,0.0,,,1.0,1.0,,,0.0,1.0,1.0,0.0,0.0,2.0,0.0,1.0,0.0
201400024752,14,11,6,130,5,2,2,1.0,3,63,PCE AMEDEE LARRIEU,,,,330,4,0.0,,,2.0,3.0,,,0.0,1.0,1.0,0.0,70.0,1.0,0.0,1.0,0.0
201400024753,14,11,6,245,5,2,1,1.0,6,318,"56, AVE ROGER COHE",,,,330,4,0.0,,,2.0,4.0,,,2.0,1.0,4.0,0.0,0.0,1.0,0.0,1.0,0.0
201400024754,14,11,6,930,1,2,2,1.0,6,75,AVE DU LAC,,,,330,4,0.0,,,2.0,2.0,,,1.0,1.0,1.0,0.0,0.0,1.0,0.0,1.0,0.0
201400024755,14,11,6,1015,1,2,3,1.0,3,63,"14, CRS DE L'YSER",,,,330,4,0.0,,,2.0,4.0,,,2.0,1.0,1.0,0.0,0.0,1.0,0.0,1.0,0.0
201400024756,14,11,6,1825,5,2,3,1.0,5,200,AVE DE MAGUDAS,,,,330,3,211.0,,,2.0,2.0,,,0.0,1.0,1.0,0.0,73.0,1.0,0.0,1.0,0.0
201400024757,14,11,6,1700,1,2,3,1.0,3,65,AVE DE LA BELLE ETOILE,,,,330,4,0.0,,,2.0,2.0,,,0.0,0.0,0.0,0.0,0.0,0.0,0.0,0.0,0.0
201400024758,14,11,7,805,1,2,6,2.0,6,39,GAMBETTA (RUE LEON),,,,330,4,0.0,,,2.0,2.0,,,3.0,1.0,1.0,0.0,67.0,2.0,0.0,1.0,0.0
201400024759,14,11,5,1923,5,2,3,2.0,3,522,"96, CRS GAMBETTA",,,,330,4,0.0,,,3.0,4.0,,,0.0,1.0,1.0,0.0,76.0,2.0,4.0,1.0,0.0
201400024760,14,11,7,825,1,2,2,1.0,3,522,RUE CALIXTE CAMELLE,,,,330,4,0.0,,,2.0,2.0,,,0.0,1.0,1.0,0.0,75.0,1.0,0.0,1.0,0.0
201400024761,14,11,7,1640,1,2,1,1.0,1,75,AVE J. CHABAN DELMAS,,,,330,4,0.0,,,2.0,4.0,,,1.0,1.0,1.0,0.0,124.0,1.0,0.0,1.0,0.0
201400024762,14,11,8,725,2,2,6,1.0,6,63,ALL DU BOIS,,,,330,4,0.0,,,2.0,2.0,,,0.0,1.0,1.0,0.0,0.0,2.0,0.0,0.0,0.0
201400024763,14,11,7,1830,5,2,3,1.0,3,192,RTE DE PESSAC,,,,330,4,0.0,,,2.0,1.0,,,2.0,1.0,1.0,0.0,55.0,1.0,0.0,1.0,0.0
201400024764,14,11,7,1855,5,2,3,1.0,2,522,AVE DE THOUARS,,,,330,4,0.0,,,2.0,2.0,,,0.0,1.0,1.0,0.0,0.0,1.0,0.0,1.0,0.0
201400024765,14,11,9,10,5,2,1,2.0,1,550,"31, CHEM DU PAS DE LA CO",,,,330,4,0.0,,,2.0,2.0,,,0.0,2.0,3.0,0.0,60.0,2.0,0.0,1.0,0.0
201400024766,14,11,10,940,1,2,6,1.0,6,550,"50-60, AVE DES PYRENEES",,,,330,4,0.0,,,2.0,2.0,,,3.0,1.0,1.0,0.0,0.0,2.0,0.0,1.0,0.0
201400024767,14,11,4,1915,4,2,1,2.0,3,13,RTE DEPARTEMENTALE N?936,,,,330,3,936.0,,,3.0,4.0,,,0.0,1.0,3.0,0.0,0.0,2.0,0.0,1.0,0.0
201400024768,14,11,6,1120,1,2,3,1.0,3,63,BD GODARD,,,,330,4,0.0,,,2.0,2.0,,,0.0,1.0,1.0,0.0,0.0,1.0,0.0,1.0,0.0
201400024769,14,11,10,1510,1,2,2,1.0,3,63,RUE CLAUDE BONNIER,,,,330,4,0.0,,,2.0,2.0,,,0.0,0.0,0.0,0.0,0.0,0.0,0.0,1.0,0.0
201400024770,14,11,10,1645,1,2,4,1.0,2,69,AVE D'EYSINES,,,,330,4,0.0,,,2.0,2.0,,,0.0,1.0,1.0,0.0,0.0,1.0,0.0,1.0,0.0
201400024771,14,11,10,1850,5,2,3,1.0,3,162,AVE DU MEDOC,,,,330,4,0.0,,,2.0,2.0,,,2.0,1.0,0.0,0.0,0.0,1.0,0.0,1.0,0.0