Num_Acc,an,mois,jour,hrmn,lum,agg,int,atm,col,com,adr,gps,lat,long,dep,catr,voie,v1,v2,circ,nbv,pr,pr1,vosp,prof,plan,lartpc,larrout,surf,infra,situ,env1
201400024906,14,12,24,600,5,2,1,5.0,6,75,"2, AVE PERIER",,,,330,4,0.0,,,2.0,2.0,,,0.0,1.0,1.0,0.0,0.0,1.0,0.0,1.0,0.0
201400024907,14,12,23,2010,5,2,1,1.0,6,318,AVE JEAN JAURES,,,,330,4,0.0,,,2.0,2.0,,,0.0,1.0,1.0,0.0,400.0,1.0,0.0,1.0,0.0
201400024908,14,12,24,1830,5,2,3,2.0,3,75,AVE D'AQUITAINE,,,,330,4,0.0,,,2.0,2.0,,,0.0,1.0,1.0,0.0,0.0,2.0,0.0,1.0,0.0
201400024909,14,12,25,820,1,2,1,2.0,1,318,"200, RUE DE LA PRINCESSE",,,,330,4,0.0,,,2.0,2.0,,,0.0,1.0,3.0,0.0,55.0,2.0,0.0,1.0,0.0
201400024910,14,12,24,356,5,2,2,5.0,3,550,RTE DE TOULOUSE,,,,330,4,0.0,,,2.0,3.0,,,0.0,1.0,1.0,0.0,0.0,1.0,0.0,1.0,0.0
201400024911,14,12,26,1145,1,2,1,1.0,3,63,"148, CRS DU MEDOC",,,,330,4,0.0,,,2.0,4.0,,,1.0,1.0,1.0,0.0,0.0,1.0,0.0,1.0,0.0
201400024912,14,12,26,1843,5,2,6,3.0,1,63,"0, RUE DOCTEUR JEAN VINC",,,,330,4,0.0,,,2.0,2.0,,,0.0,1.0,1.0,0.0,0.0,2.0,0.0,1.0,0.0
201400024913,14,12,26,2020,5,2,6,1.0,6,39,BRETELLE DE SORTIE A631,,,,330,4,0.0,,,2.0,2.0,,,0.0,1.0,1.0,0.0,0.0,2.0,0.0,1.0,0.0
201400024914,14,12,27,635,5,2,6,3.0,6,63,QUAI DE PALUDATE,,,,330,4,0.0,,,3.0,4.0,,,3.0,2.0,1.0,0.0,0.0,2.0,0.0,1.0,0.0
201400024915,14,12,27,1820,5,2,4,3.0,6,522,AVE PIERRE CORNEILLE,,,,330,4,0.0,,,0.0,1.0,,,0.0,0.0,0.0,0.0,0.0,0.0,0.0,0.0,0.0
201400024916,14,12,28,1200,1,2,3,1.0,3,63,BD ALFRED DANEY,,,,330,4,0.0,,,2.0,4.0,,,0.0,1.0,1.0,11.0,124.0,1.0,0.0,1.0,0.0
201400024917,14,12,30,1510,1,2,2,1.0,3,318,AVE DU GENERAL LECLERC,,,,330,4,0.0,,,2.0,3.0,,,1.0,1.0,1.0,0.0,120.0,1.0,0.0,1.0,0.0
201400024918,14,12,31,1210,1,2,9,1.0,1,550,AVENUE DU SEPTIEME ART,,,,330,4,0.0,,,2.0,2.0,,,0.0,1.0,1.0,0.0,0.0,1.0,0.0,1.0,0.0
201400029974,14,5,14,1145,1,1,1,1.0,1,291,,M,0.0,0.0,330,4,2.0,,,2.0,0.0,0.0,0.0,0.0,1.0,2.0,0.0,39.0,1.0,0.0,1.0,0.0
201400029975,14,3,15,1045,1,2,1,1.0,1,327,RD 1113 PR 42+350,M,0.0,0.0,330,3,1113.0,,,2.0,2.0,42.0,350.0,0.0,1.0,1.0,0.0,71.0,1.0,0.0,1.0,3.0
201400029976,14,7,14,730,2,2,1,1.0,6,337,AVENUE DE LA LIBERTE,M,0.0,0.0,330,3,1113.0,,,2.0,2.0,0.0,0.0,0.0,1.0,3.0,0.0,81.0,1.0,0.0,1.0,99.0
201400029977,14,7,29,2030,1,1,1,1.0,1,355,,M,0.0,0.0,330,4,0.0,,,2.0,0.0,0.0,0.0,0.0,0.0,0.0,0.0,34.0,1.0,0.0,0.0,0.0
201400029978,14,12,21,1845,3,1,1,1.0,5,30,,M,0.0,0.0,330,3,1113.0,,,2.0,2.0,34.0,900.0,0.0,1.0,3.0,0.0,83.0,1.0,0.0,1.0,99.0
201400030230,14,1,27,1845,5,2,1,3.0,6,447,35 cour du gal de gaulle,M,0.0,0.0,330,3,1.0,3.0,,2.0,0.0,0.0,0.0,0.0,1.0,0.0,0.0,0.0,2.0,5.0,1.0,0.0
201400030231,14,6,17,1115,1,1,1,1.0,1,1,,M,0.0,0.0,330,3,1089.0,,,2.0,2.0,14.0,200.0,0.0,1.0,1.0,0.0,130.0,1.0,0.0,1.0,99.0
201400030232,14,8,5,1115,1,2,1,1.0,1,447,RD1089,M,0.0,0.0,330,3,1089.0,,,2.0,0.0,7.0,400.0,0.0,1.0,1.0,0.0,60.0,1.0,0.0,1.0,0.0
201400049853,14,1,2,920,1,1,1,2.0,6,249,ROCADE A 630,,,,330,1,630.0,,,1.0,2.0,0.0,460.0,0.0,1.0,2.0,10.0,70.0,2.0,3.0,1.0,99.0
201400049854,14,1,2,955,1,1,1,1.0,6,162,ROCADE A 630,,,,330,1,630.0,,,3.0,6.0,13.0,950.0,0.0,4.0,4.0,15.0,210.0,2.0,3.0,1.0,99.0
201400049855,14,1,4,2210,3,1,1,2.0,6,550,ROCADE A 630,,,,330,1,630.0,,,3.0,8.0,31.0,300.0,0.0,3.0,3.0,15.0,280.0,2.0,3.0,1.0,99.0
201400049856,14,1,9,720,5,1,1,1.0,6,119,ROUTE NATIONALE 230,,,,330,2,230.0,,,3.0,4.0,42.0,0.0,0.0,1.0,1.0,25.0,140.0,1.0,0.0,1.0,99.0
201400049857,14,1,10,720,5,1,1,5.0,4,397,AUTOROUTE A 10,,,,330,1,10.0,,,3.0,6.0,538.0,0.0,0.0,1.0,1.0,15.0,210.0,1.0,0.0,1.0,99.0
201400049858,14,1,13,900,1,1,1,1.0,2,249,ROCADE A 630,,,,330,1,630.0,,,3.0,6.0,3.0,100.0,0.0,2.0,1.0,0.0,90.0,1.0,2.0,1.0,99.0
201400049859,14,1,14,2035,3,1,1,1.0,4,122,AUTOROUTE A 63,,,,330,1,63.0,,,3.0,4.0,10.0,500.0,0.0,1.0,1.0,100.0,140.0,1.0,0.0,1.0,99.0
201400049860,14,1,15,815,2,1,1,2.0,3,23,AUTOROUTE A 62,,,,330,1,62.0,,,3.0,6.0,9.0,500.0,0.0,1.0,1.0,15.0,210.0,2.0,3.0,1.0,99.0
201400049861,14,1,15,915,1,1,1,2.0,2,162,ROCADE A 630,,,,330,1,630.0,,,3.0,2.0,11.0,900.0,0.0,1.0,1.0,10.0,70.0,2.0,0.0,1.0,0.0
201400049862,14,1,16,1720,1,1,1,1.0,2,143,AUTOROUTE A 10,,,,330,1,10.0,,,3.0,6.0,533.0,500.0,0.0,2.0,1.0,20.0,210.0,1.0,2.0,1.0,99.0
201400049863,14,1,19,630,3,1,1,2.0,6,63,ROCADE A 630,,,,330,1,630.0,,,3.0,8.0,5.0,0.0,0.0,2.0,2.0,15.0,280.0,2.0,3.0,3.0,99.0
201400049864,14,1,20,1100,1,1,1,2.0,6,281,ROCADE A 630,,,,330,1,630.0,,,1.0,6.0,14.0,1.0,0.0,2.0,3.0,50.0,170.0,2.0,3.0,1.0,99.0
201400049865,14,1,25,810,2,1,1,3.0,3,122,AUTOROUTE A 63,,,,330,1,63.0,,,1.0,7.0,11.0,500.0,0.0,1.0,1.0,3.0,70.0,2.0,0.0,1.0,99.0
201400049866,14,1,25,820,2,1,1,2.0,6,39,ROUTE NATIONALE 230,,,,330,2,230.0,,,3.0,0.0,34.0,210.0,0.0,0.0,0.0,0.0,0.0,2.0,0.0,1.0,99.0
201400049867,14,1,25,910,1,1,1,2.0,6,249,ROCADE A 630,,,,330,1,630.0,,,1.0,2.0,0.0,500.0,0.0,3.0,2.0,0.0,105.0,2.0,3.0,1.0,0.0
201400049868,14,1,25,2320,5,1,1,9.0,6,249,ROUTE NATIONALE 230,,,,330,2,230.0,,,1.0,1.0,43.0,0.0,3.0,1.0,1.0,0.0,110.0,0.0,3.0,1.0,99.0
201400049869,14,1,27,710,3,1,1,3.0,2,80,AUTOROUTE A 62,,,,330,1,62.0,,,3.0,4.0,1.0,800.0,0.0,1.0,1.0,0.0,140.0,2.0,0.0,1.0,99.0
201400049870,14,1,27,820,4,1,1,2.0,3,550,ROCADE A 630,,,,330,1,630.0,,,3.0,3.0,30.0,0.0,0.0,1.0,1.0,10.0,130.0,2.0,3.0,1.0,99.0
201400049871,14,1,27,1000,1,1,1,2.0,6,80,AUTOROUTE A 62,,,,330,1,62.0,,,3.0,2.0,3.0,900.0,0.0,1.0,1.0,30.0,95.0,2.0,0.0,2.0,99.0
201400049872,14,1,28,1140,1,1,1,3.0,6,119,ROUTE NATIONALE 230,,,,330,2,230.0,,,3.0,3.0,42.0,400.0,0.0,1.0,1.0,20.0,140.0,2.0,0.0,1.0,99.0
201400049873,14,1,29,900,1,1,1,2.0,6,65,ROUTE NATIONALE 230,,,,330,2,230.0,,,1.0,1.0,35.0,300.0,0.0,1.0,3.0,10.0,35.0,2.0,3.0,1.0,99.0
201400049874,14,1,29,1730,1,1,1,2.0,6,249,ROCADE A 630,,,,330,1,630.0,,,1.0,4.0,0.0,500.0,0.0,2.0,3.0,10.0,140.0,2.0,3.0,1.0,99.0
201400049875,14,2,1,1750,5,1,1,2.0,6,249,ROCADE A 630,,,,330,1,630.0,,,3.0,7.0,0.0,500.0,0.0,1.0,3.0,15.0,245.0,2.0,3.0,1.0,0.0
201400049876,14,2,1,1955,3,1,1,1.0,5,143,AUTOROUTE A 10,,,,330,1,10.0,,,3.0,4.0,530.0,800.0,0.0,1.0,1.0,15.0,90.0,1.0,3.0,1.0,99.0
201400049877,14,2,3,1735,1,1,1,3.0,3,143,AUTOROUTE A 10,,,,330,1,10.0,,,3.0,6.0,533.0,0.0,0.0,1.0,1.0,5.0,210.0,2.0,0.0,1.0,0.0
201400049878,14,2,2,1940,5,1,1,1.0,6,249,ROCADE A 630,,,,330,1,630.0,,,1.0,3.0,0.0,500.0,0.0,1.0,2.0,0.0,70.0,1.0,2.0,1.0,99.0
201400049879,14,2,4,940,1,1,1,1.0,2,448,AUTOROUTE A 62,,,,330,1,62.0,,,3.0,4.0,6.0,0.0,0.0,1.0,1.0,15.0,140.0,2.0,0.0,1.0,99.0
201400049880,14,2,7,925,1,1,1,1.0,2,318,ROCADE A 630,,,,330,1,630.0,,,3.0,4.0,23.0,500.0,0.0,1.0,1.0,70.0,120.0,2.0,0.0,1.0,0.0
201400049881,14,2,8,1440,1,1,1,2.0,6,249,ROCADE A 630,,,,330,1,630.0,,,3.0,8.0,1.0,0.0,0.0,1.0,1.0,10.0,280.0,2.0,3.0,1.0,0.0
201400049882,14,2,10,840,1,1,1,2.0,4,75,ROCADE A 630,,,,330,1,630.0,,,3.0,4.0,9.0,500.0,0.0,1.0,1.0,20.0,140.0,2.0,0.0,1.0,0.0
201400049883,14,2,15,2240,5,1,1,1.0,6,249,ROCADE A 630,,,,330,1,630.0,,,1.0,2.0,0.0,300.0,0.0,2.0,4.0,0.0,70.0,2.0,3.0,1.0,99.0
201400049884,14,2,21,1740,1,1,1,2.0,6,122,AUTOROUTE A 63,,,,330,1,63.0,,,3.0,4.0,11.0,500.0,0.0,1.0,1.0,50.0,140.0,2.0,0.0,1.0,99.0
201400049885,14,2,26,1440,1,1,1,2.0,6,39,ROCADE A 631,,,,330,1,631.0,,,3.0,6.0,35.0,300.0,0.0,1.0,1.0,10.0,210.0,2.0,0.0,1.0,0.0
201400049886,14,2,26,2045,5,1,1,2.0,3,192,ROCADE A 630,,,,330,1,630.0,,,3.0,6.0,26.0,10.0,0.0,1.0,1.0,5.0,210.0,2.0,0.0,1.0,99.0
201400049887,14,2,28,640,1,1,1,1.0,6,39,ROCADE A 630,,,,330,1,630.0,,,3.0,8.0,32.0,800.0,0.0,1.0,1.0,10.0,310.0,1.0,3.0,1.0,99.0
201400049888,14,2,28,640,3,1,1,3.0,6,550,AUTOROUTE A 62,,,,330,1,62.0,,,3.0,4.0,0.0,850.0,0.0,1.0,2.0,50.0,140.0,2.0,0.0,1.0,99.0
201400049889,14,2,28,1245,1,1,1,8.0,4,80,AUTOROUTE A 62,,,,330,1,62.0,,,3.0,2.0,4.0,500.0,0.0,1.0,1.0,20.0,70.0,2.0,0.0,1.0,99.0
201400049890,14,2,28,1420,1,1,1,8.0,6,318,ROCADE A 630,,,,330,1,630.0,,,3.0,6.0,25.0,0.0,0.0,1.0,3.0,15.0,210.0,2.0,3.0,1.0,99.0
201400049891,14,2,28,2025,5,1,1,2.0,6,397,AUTOROUTE A 10,,,,330,1,10.0,,,1.0,3.0,539.0,740.0,0.0,2.0,1.0,10.0,105.0,2.0,0.0,1.0,99.0
201400049892,14,3,3,1550,1,1,1,2.0,6,249,ROCADE A 630,,,,330,1,630.0,,,0.0,0.0,0.0,500.0,0.0,0.0,0.0,0.0,0.0,2.0,3.0,0.0,0.0
201400049893,14,3,5,1735,1,1,1,1.0,6,75,ROCADE A 630,,,,330,1,630.0,,,3.0,4.0,7.0,360.0,0.0,1.0,1.0,100.0,190.0,1.0,0.0,1.0,99.0
201400049894,14,3,5,945,1,1,1,1.0,6,281,ROCADE A 630,,,,330,1,630.0,,,3.0,5.0,18.0,0.0,0.0,1.0,1.0,100.0,175.0,1.0,0.0,1.0,99.0
201400049895,14,3,6,1830,1,1,1,1.0,6,318,ROCADE A 630,,,,330,1,630.0,,,3.0,4.0,24.0,350.0,0.0,1.0,1.0,10.0,120.0,1.0,0.0,1.0,99.0
201400049896,14,3,10,1920,4,1,1,1.0,6,75,ROCADE A 630,,,,330,1,630.0,,,1.0,3.0,8.0,0.0,0.0,1.0,1.0,20.0,105.0,1.0,3.0,1.0,0.0
201400049897,14,3,8,1855,1,1,1,1.0,6,318,ROCADE A 630,,,,330,1,630.0,,,3.0,4.0,24.0,950.0,0.0,1.0,1.0,15.0,140.0,1.0,0.0,1.0,99.0
201400049898,14,3,10,805,1,1,1,1.0,6,162,ROCADE A 630,,,,330,1,630.0,,,1.0,4.0,10.0,501.0,0.0,1.0,1.0,10.0,200.0,1.0,0.0,1.0,99.0
201400049899,14,3,10,755,1,1,1,1.0,2,80,AUTOROUTE A 62,,,,330,1,62.0,,,3.0,4.0,5.0,700.0,0.0,1.0,1.0,35.0,140.0,1.0,3.0,1.0,99.0
201400049900,14,3,12,1815,1,1,1,1.0,3,75,ROCADE A 630,,,,330,1,630.0,,,3.0,3.0,10.0,500.0,0.0,1.0,1.0,60.0,105.0,1.0,3.0,1.0,99.0
201400049901,14,3,13,1855,1,1,1,1.0,6,143,AUTOROUTE A 10,,,,330,1,10.0,,,3.0,8.0,530.0,800.0,0.0,1.0,1.0,15.0,280.0,1.0,0.0,1.0,0.0
201400049902,14,3,14,955,1,1,1,1.0,6,318,ROCADE A 630,,,,330,1,630.0,,,3.0,6.0,22.0,800.0,0.0,1.0,2.0,10.0,200.0,1.0,3.0,1.0,99.0
201400049903,14,3,15,815,1,1,1,1.0,6,167,ROUTE NATIONALE 230,,,,330,2,230.0,,,3.0,6.0,37.0,140.0,0.0,2.0,3.0,0.0,210.0,1.0,0.0,1.0,99.0
201400049904,14,3,17,2225,3,1,1,1.0,6,90,AUTOROUTE A 63,,,,330,1,63.0,,,3.0,2.0,2.0,160.0,0.0,1.0,1.0,55.0,300.0,1.0,0.0,1.0,99.0
201400049905,14,3,19,1250,1,1,1,1.0,6,318,ROCADE A 630,,,,330,1,630.0,,,3.0,4.0,25.0,0.0,0.0,1.0,1.0,10.0,128.0,1.0,0.0,1.0,99.0
201400049906,14,3,20,849,1,1,1,1.0,2,192,ROCADE A 630,,,,330,1,630.0,,,3.0,6.0,27.0,450.0,0.0,1.0,1.0,15.0,210.0,1.0,0.0,1.0,0.0
201400049907,14,3,27,855,1,1,1,1.0,2,281,ROCADE A 630,,,,330,1,630.0,,,3.0,5.0,17.0,0.0,0.0,1.0,3.0,80.0,105.0,1.0,0.0,1.0,99.0
201400049908,14,3,28,2155,5,1,1,1.0,4,63,ROCADE A 630,,,,330,1,630.0,,,3.0,4.0,3.0,450.0,0.0,2.0,1.0,0.0,0.0,1.0,2.0,1.0,99.0
201400049909,14,4,1,1855,1,1,1,1.0,3,366,AUTOROUTE A 10,,,,330,1,10.0,,,3.0,6.0,529.0,200.0,0.0,1.0,3.0,30.0,230.0,1.0,0.0,1.0,0.0
201400049910,14,4,3,1510,1,1,1,2.0,6,249,ROCADE A 630,,,,330,1,630.0,,,1.0,2.0,1.0,0.0,0.0,0.0,2.0,0.0,70.0,2.0,0.0,1.0,99.0
201400049911,14,4,3,1705,1,1,1,2.0,6,249,ROCADE A 630,,,,330,1,630.0,,,0.0,2.0,1.0,0.0,0.0,2.0,2.0,0.0,70.0,2.0,0.0,1.0,99.0
201400049912,14,4,3,1800,1,1,1,3.0,6,162,ROCADE A 630,,,,330,1,630.0,,,3.0,4.0,12.0,500.0,0.0,1.0,1.0,50.0,220.0,2.0,0.0,1.0,99.0
201400049913,14,4,10,850,1,1,1,1.0,2,65,ROUTE NATIONALE 230,,,,330,2,230.0,,,3.0,3.0,35.0,134.0,0.0,1.0,0.0,0.0,140.0,1.0,0.0,1.0,99.0
201400049914,14,4,11,820,1,1,1,1.0,6,318,ROCADE A 630,,,,330,1,630.0,,,3.0,8.0,25.0,200.0,0.0,1.0,1.0,60.0,280.0,1.0,0.0,2.0,99.0
201400049915,14,4,11,2030,2,1,1,1.0,3,63,ROCADE A 630,,,,330,1,630.0,,,3.0,6.0,4.0,0.0,0.0,2.0,1.0,0.0,0.0,1.0,2.0,1.0,99.0
201400049916,14,4,14,900,1,1,1,1.0,4,550,AUTOROUTE A 62,,,,330,1,62.0,,,3.0,4.0,0.0,400.0,0.0,1.0,1.0,15.0,100.0,1.0,0.0,1.0,99.0
201400049917,14,4,14,1010,1,1,1,1.0,4,448,AUTOROUTE A 62,,,,330,1,62.0,,,3.0,4.0,8.0,0.0,0.0,1.0,1.0,30.0,140.0,1.0,2.0,1.0,99.0
201400049918,14,4,14,1135,1,1,1,1.0,2,192,ROCADE A 630,,,,330,1,630.0,,,3.0,6.0,25.0,205.0,0.0,1.0,1.0,15.0,210.0,1.0,3.0,1.0,99.0
201400049919,14,4,16,1700,1,1,1,1.0,3,39,ROCADE A 630,,,,330,1,630.0,,,3.0,7.0,34.0,0.0,0.0,1.0,1.0,20.0,255.0,1.0,3.0,1.0,99.0
201400049920,14,4,19,1720,1,1,1,1.0,6,249,AUTOROUTE A 10,,,,330,1,10.0,,,3.0,6.0,542.0,700.0,0.0,1.0,3.0,15.0,210.0,1.0,0.0,1.0,99.0
201400049921,14,4,24,820,1,1,1,1.0,3,167,ROUTE NATIONALE 230,,,,330,2,230.0,,,3.0,6.0,37.0,0.0,0.0,2.0,3.0,10.0,210.0,1.0,0.0,1.0,99.0
201400049922,14,4,25,1720,1,1,1,1.0,4,63,ROCADE A 630,,,,330,1,630.0,,,3.0,5.0,4.0,600.0,0.0,1.0,1.0,0.0,170.0,1.0,3.0,1.0,99.0
201400049923,14,4,25,2000,1,1,1,1.0,5,249,ROCADE A 630,,,,330,1,630.0,,,3.0,4.0,1.0,250.0,0.0,2.0,3.0,10.0,0.0,1.0,0.0,1.0,99.0
201400049924,14,4,29,735,2,1,1,3.0,6,550,AUTOROUTE A 62,,,,330,1,62.0,,,3.0,2.0,1.0,200.0,0.0,2.0,1.0,20.0,40.0,2.0,0.0,3.0,99.0
201400049925,14,4,29,1925,1,1,1,2.0,6,553,AUTOROUTE A 10,,,,330,1,10.0,,,3.0,10.0,526.0,0.0,0.0,2.0,2.0,15.0,350.0,2.0,3.0,1.0,99.0
201400049926,14,5,2,725,1,1,1,2.0,2,249,ROCADE A 630,,,,330,1,630.0,,,3.0,0.0,0.0,500.0,0.0,1.0,1.0,20.0,280.0,2.0,3.0,1.0,0.0
201400049927,14,5,2,1915,1,1,1,1.0,6,80,AUTOROUTE A 62,M,44.75226,-0.54277,330,1,62.0,,,3.0,2.0,2.0,150.0,0.0,2.0,1.0,25.0,70.0,1.0,0.0,1.0,99.0
201400049928,14,5,4,2125,3,1,1,1.0,6,448,AUTOROUTE A 62,,,,330,1,62.0,,,1.0,2.0,6.0,500.0,0.0,1.0,1.0,15.0,70.0,1.0,0.0,1.0,99.0
201400049929,14,5,5,1235,1,1,1,1.0,3,192,ROCADE A 630,,,,330,1,630.0,,,1.0,4.0,25.0,772.0,0.0,1.0,1.0,20.0,140.0,1.0,3.0,1.0,99.0
201400049930,14,5,15,1640,1,1,1,1.0,6,281,ROCADE A 630,,,,330,1,630.0,,,3.0,1.0,19.0,400.0,0.0,1.0,1.0,100.0,140.0,1.0,0.0,1.0,99.0
201400049931,14,5,16,945,1,1,1,1.0,3,167,ROUTE NATIONALE 230,,,,330,2,230.0,,,3.0,3.0,39.0,500.0,0.0,1.0,1.0,20.0,210.0,1.0,3.0,1.0,99.0
201400049932,14,5,16,1810,1,1,1,1.0,2,318,ROCADE A 630,,,,330,1,630.0,,,3.0,4.0,24.0,200.0,0.0,1.0,1.0,30.0,140.0,1.0,0.0,1.0,99.0
201400049933,14,5,17,1225,1,1,1,1.0,6,550,AUTOROUTE A 62,,,,330,1,62.0,,,1.0,3.0,0.0,600.0,0.0,1.0,1.0,5.0,105.0,1.0,0.0,1.0,99.0
201400049934,14,5,17,1735,1,1,1,1.0,6,119,ROUTE NATIONALE 230,,,,330,2,230.0,,,3.0,6.0,41.0,800.0,0.0,2.0,1.0,5.0,210.0,1.0,0.0,1.0,99.0
201400049935,14,5,20,1350,1,1,1,2.0,6,249,ROCADE A 630,,,,330,1,630.0,,,3.0,3.0,0.0,500.0,0.0,1.0,3.0,10.0,105.0,8.0,3.0,1.0,99.0
201400049936,14,5,20,1730,1,1,1,1.0,2,192,ROCADE A 630,,,,330,2,630.0,,,3.0,6.0,26.0,0.0,0.0,1.0,1.0,0.0,210.0,2.0,0.0,1.0,0.0
201400049937,14,5,26,1915,1,1,1,1.0,6,281,ROCADE A 630,,,,330,1,630.0,,,3.0,4.0,14.0,300.0,0.0,1.0,1.0,20.0,210.0,1.0,0.0,1.0,99.0
201400049938,14,5,28,1830,1,1,1,2.0,6,39,ROCADE A 631,,,,330,1,631.0,,,1.0,3.0,34.0,0.0,0.0,1.0,2.0,20.0,105.0,2.0,0.0,2.0,99.0
201400049939,14,5,28,1850,1,1,1,1.0,6,80,AUTOROUTE A 62,,,,330,1,62.0,,,3.0,4.0,5.0,500.0,0.0,1.0,1.0,10.0,140.0,1.0,0.0,1.0,99.0
201400049940,14,5,30,720,1,1,1,1.0,6,249,ROCADE A 630,,,,330,1,630.0,,,3.0,7.0,1.0,866.0,0.0,1.0,2.0,10.0,245.0,1.0,0.0,1.0,0.0
201400049941,14,5,30,1015,1,1,1,1.0,4,318,ROCADE A 630,,,,330,1,630.0,,,3.0,4.0,23.0,300.0,0.0,1.0,1.0,10.0,140.0,1.0,0.0,0.0,0.0
201400049942,14,6,3,1455,1,1,1,1.0,2,249,ROCADE A 630,,,,330,1,630.0,,,3.0,8.0,1.0,400.0,0.0,1.0,1.0,20.0,280.0,1.0,3.0,1.0,99.0
201400049943,14,6,5,2235,2,1,1,1.0,6,167,ROUTE NATIONALE 230,,,,330,2,230.0,,,2.0,3.0,39.0,500.0,0.0,1.0,1.0,0.0,90.0,1.0,3.0,1.0,99.0
201400049944,14,6,6,1200,1,1,1,1.0,6,39,ROUTE NATIONALE 230,,,,330,2,230.0,,,3.0,6.0,34.0,500.0,0.0,1.0,1.0,10.0,210.0,1.0,2.0,1.0,99.0
201400049945,14,6,6,1500,1,1,1,1.0,2,318,ROCADE A 630,,,,330,1,630.0,,,3.0,4.0,25.0,0.0,0.0,1.0,1.0,10.0,150.0,1.0,0.0,1.0,0.0
201400049946,14,6,6,1900,1,1,1,1.0,6,162,ROCADE A 630,,,,330,1,630.0,,,3.0,2.0,11.0,500.0,0.0,1.0,1.0,10.0,70.0,1.0,0.0,2.0,99.0
201400049947,14,6,8,715,1,1,1,1.0,6,318,ROCADE A 630,,,,330,1,630.0,,,3.0,2.0,22.0,800.0,0.0,1.0,1.0,10.0,50.0,2.0,3.0,1.0,0.0
201400049948,14,6,8,1450,1,1,1,1.0,6,550,ROCADE A 630,,,,330,1,630.0,,,1.0,8.0,30.0,550.0,0.0,2.0,1.0,20.0,280.0,1.0,3.0,1.0,99.0
201400049949,14,6,17,1745,1,1,1,1.0,2,75,ROCADE A 630,,,,330,1,630.0,,,3.0,4.0,9.0,500.0,0.0,1.0,1.0,110.0,140.0,1.0,0.0,1.0,99.0
201400049950,14,6,20,1730,1,1,1,1.0,5,550,AUTOROUTE A 62,,,,330,1,62.0,,,3.0,4.0,0.0,120.0,0.0,1.0,1.0,10.0,140.0,1.0,0.0,1.0,99.0
201400049951,14,6,24,1730,1,1,1,1.0,6,281,ROCADE A 630,,,,330,1,630.0,,,3.0,2.0,16.0,10.0,0.0,1.0,1.0,80.0,80.0,1.0,0.0,1.0,99.0
201400049952,14,6,28,245,4,1,1,3.0,6,167,ROUTE NATIONALE 230,,,,330,2,230.0,,,3.0,3.0,38.0,683.0,0.0,4.0,2.0,0.0,35.0,2.0,0.0,2.0,99.0
201400049953,14,7,1,1905,1,1,1,1.0,6,281,ROCADE A 630,,,,330,1,630.0,,,3.0,3.0,14.0,800.0,0.0,1.0,1.0,10.0,105.0,1.0,0.0,1.0,0.0
201400049954,14,7,3,905,1,1,1,1.0,6,143,AUTOROUTE A 10,,,,330,1,10.0,,,3.0,3.0,533.0,500.0,0.0,3.0,1.0,20.0,105.0,1.0,2.0,1.0,99.0
201400049955,14,7,3,1435,1,1,1,1.0,6,90,AUTOROUTE A 63,,,,330,1,63.0,,,3.0,6.0,4.0,130.0,0.0,1.0,1.0,100.0,210.0,1.0,3.0,3.0,99.0
201400049956,14,7,3,1615,1,1,1,1.0,6,63,ROCADE A 630,,,,330,1,630.0,,,3.0,6.0,4.0,100.0,0.0,2.0,1.0,20.0,170.0,1.0,2.0,1.0,99.0
201400049957,14,7,5,1527,1,1,1,1.0,6,65,ROUTE NATIONALE 230,,,,330,2,230.0,,,3.0,7.0,34.0,501.0,0.0,2.0,1.0,20.0,235.0,1.0,2.0,1.0,99.0
201400049958,14,7,6,1620,1,1,1,2.0,6,39,ROCADE A 630,,,,330,1,630.0,,,1.0,7.0,33.0,0.0,0.0,1.0,1.0,10.0,280.0,2.0,3.0,1.0,99.0
201400049959,14,7,7,1540,1,1,1,2.0,6,119,ROUTE NATIONALE 230,,,,330,2,230.0,,,1.0,7.0,42.0,0.0,0.0,1.0,3.0,15.0,295.0,2.0,3.0,1.0,99.0
201400049960,14,7,8,915,1,1,1,3.0,6,281,ROCADE A 630,,,,330,1,630.0,,,3.0,2.0,16.0,350.0,0.0,1.0,1.0,20.0,35.0,2.0,0.0,1.0,99.0