Num_Acc,an,mois,jour,hrmn,lum,agg,int,atm,col,com,adr,gps,lat,long,dep,catr,voie,v1,v2,circ,nbv,pr,pr1,vosp,prof,plan,lartpc,larrout,surf,infra,situ,env1
201400049961,14,7,9,1945,1,1,1,1.0,2,192,ROCADE A 630,,,,330,1,630.0,,,3.0,9.0,28.0,0.0,0.0,1.0,1.0,10.0,270.0,1.0,0.0,1.0,99.0
201400049962,14,7,12,1122,1,1,1,1.0,4,249,ROUTE NATIONALE 230,,,,330,2,230.0,,,3.0,6.0,44.0,0.0,0.0,1.0,1.0,20.0,255.0,1.0,0.0,1.0,99.0
201400049963,14,7,12,2320,3,1,1,1.0,2,80,AUTOROUTE A 62,,,,330,1,62.0,,,3.0,4.0,4.0,500.0,0.0,1.0,1.0,5.0,140.0,1.0,0.0,1.0,99.0
201400049964,14,7,13,1915,1,1,1,2.0,6,63,ROCADE A 630,,,,330,1,630.0,,,3.0,1.0,5.0,0.0,0.0,1.0,2.0,0.0,35.0,8.0,3.0,1.0,99.0
201400049965,14,7,15,2050,1,1,1,1.0,2,80,AUTOROUTE A 62,,,,330,1,62.0,,,3.0,2.0,1.0,750.0,0.0,1.0,1.0,15.0,75.0,1.0,0.0,1.0,99.0
201400049966,14,7,17,1325,1,1,1,1.0,3,39,ROCADE A 631,,,,330,1,631.0,,,3.0,4.0,35.0,0.0,0.0,1.0,1.0,5.0,140.0,1.0,0.0,1.0,99.0
201400049967,14,7,19,1450,1,1,1,1.0,4,249,ROUTE NATIONALE 230,,,,330,2,230.0,,,3.0,6.0,43.0,0.0,0.0,1.0,1.0,5.0,210.0,1.0,0.0,1.0,99.0
201400049968,14,7,20,45,5,1,1,3.0,2,249,ROCADE A 630,,,,330,1,630.0,,,3.0,6.0,1.0,0.0,0.0,2.0,1.0,5.0,210.0,2.0,2.0,1.0,99.0
201400049969,14,7,22,1745,1,1,1,1.0,4,119,ROUTE NATIONALE 230,,,,330,2,230.0,,,3.0,6.0,40.0,650.0,0.0,1.0,1.0,10.0,210.0,1.0,0.0,1.0,99.0
201400049970,14,7,24,1830,1,1,1,1.0,6,39,ROCADE A 630,,,,330,1,630.0,,,3.0,6.0,33.0,500.0,0.0,1.0,1.0,10.0,210.0,0.0,0.0,1.0,99.0
201400049971,14,7,25,1105,1,1,1,1.0,6,318,ROCADE A 630,,,,330,1,630.0,,,3.0,2.0,22.0,900.0,3.0,1.0,2.0,10.0,10.0,1.0,0.0,1.0,99.0
201400049972,14,7,25,1320,1,1,1,1.0,6,63,ROCADE A 630,,,,330,1,630.0,,,3.0,4.0,5.0,0.0,0.0,1.0,1.0,0.0,0.0,1.0,0.0,1.0,0.0
201400049973,14,7,27,950,1,1,1,1.0,6,90,AUTOROUTE A 63,,,,330,1,63.0,,,3.0,2.0,4.0,200.0,0.0,1.0,1.0,100.0,95.0,1.0,0.0,1.0,99.0
201400049974,14,7,28,730,1,1,1,2.0,6,80,AUTOROUTE A 62,,,,330,1,62.0,,,3.0,4.0,4.0,500.0,0.0,1.0,1.0,0.0,140.0,2.0,0.0,1.0,99.0
201400049975,14,7,28,730,1,1,1,2.0,4,80,AUTOROUTE A 62,,,,330,1,62.0,,,3.0,4.0,4.0,500.0,0.0,1.0,1.0,0.0,140.0,2.0,0.0,1.0,99.0
201400049976,14,7,31,1715,1,1,1,1.0,4,550,AUTOROUTE A 62,,,,330,1,62.0,,,3.0,2.0,0.0,744.0,0.0,2.0,1.0,30.0,70.0,1.0,0.0,1.0,99.0
201400049977,14,8,1,805,1,1,1,1.0,2,192,ROCADE A 630,,,,330,1,630.0,,,3.0,3.0,25.0,900.0,0.0,1.0,1.0,10.0,100.0,1.0,0.0,1.0,99.0
201400049978,14,8,4,1220,1,1,1,1.0,6,550,ROCADE A 630,,,,330,1,630.0,,,3.0,4.0,28.0,250.0,0.0,1.0,1.0,0.0,135.0,1.0,3.0,1.0,0.0
201400049979,14,8,9,1450,1,1,1,2.0,6,63,ROCADE A 630,,,,330,1,630.0,,,1.0,9.0,5.0,0.0,0.0,1.0,3.0,15.0,315.0,2.0,3.0,1.0,0.0
201400049980,14,8,9,1615,1,1,1,2.0,6,249,ROCADE A 630,,,,330,1,630.0,,,3.0,8.0,0.0,500.0,0.0,2.0,2.0,15.0,280.0,2.0,3.0,1.0,0.0
201400049981,14,8,9,1630,1,1,1,3.0,6,63,ROCADE A 630,,,,330,1,630.0,,,3.0,2.0,5.0,0.0,0.0,1.0,1.0,15.0,210.0,4.0,3.0,1.0,0.0
201400049982,14,8,9,1710,1,1,1,2.0,6,39,ROCADE A 630,,,,330,1,630.0,,,1.0,8.0,33.0,0.0,0.0,4.0,3.0,15.0,280.0,2.0,3.0,2.0,0.0
201400049983,14,8,9,1825,1,1,1,8.0,6,39,ROUTE NATIONALE 230,,,,330,2,230.0,,,3.0,8.0,34.0,330.0,0.0,1.0,1.0,10.0,280.0,1.0,3.0,1.0,99.0
201400049984,14,8,11,840,1,1,1,1.0,6,192,ROCADE A 630,,,,330,1,630.0,,,1.0,1.0,26.0,600.0,0.0,2.0,3.0,0.0,35.0,1.0,0.0,1.0,0.0
201400049985,14,8,17,1915,1,1,1,1.0,6,318,ROCADE A 630,,,,330,1,630.0,,,3.0,4.0,25.0,0.0,0.0,1.0,1.0,15.0,140.0,1.0,3.0,1.0,99.0
201400049986,14,8,18,820,1,1,1,1.0,6,192,ROCADE A 630,,,,330,1,630.0,,,3.0,4.0,26.0,600.0,0.0,2.0,2.0,0.0,147.0,1.0,3.0,2.0,99.0
201400049987,14,8,18,1610,1,1,1,1.0,2,63,ROCADE A 630,,,,330,1,630.0,,,3.0,3.0,3.0,800.0,1.0,2.0,1.0,5.0,100.0,1.0,2.0,1.0,99.0
201400049988,14,8,22,1220,1,1,1,1.0,3,550,ROCADE A 630,,,,330,1,630.0,,,3.0,6.0,31.0,250.0,0.0,1.0,1.0,5.0,210.0,1.0,0.0,1.0,99.0
201400049989,14,8,24,1130,1,1,1,1.0,6,65,ROUTE NATIONALE 230,,,,330,2,230.0,,,3.0,6.0,34.0,615.0,0.0,1.0,1.0,0.0,210.0,1.0,2.0,1.0,99.0
201400049990,14,8,26,1540,1,1,1,2.0,6,249,ROCADE A 630,,,,330,1,630.0,,,3.0,2.0,3.0,0.0,0.0,4.0,2.0,0.0,70.0,2.0,0.0,2.0,99.0
201400049991,14,8,26,1920,1,1,1,3.0,6,122,AUTOROUTE A 63,,,,330,1,63.0,,,3.0,4.0,9.0,500.0,0.0,1.0,1.0,100.0,140.0,2.0,0.0,1.0,99.0
201400049992,14,8,26,2030,4,1,1,2.0,6,281,ROCADE A 630,,,,330,1,630.0,,,3.0,6.0,14.0,50.0,0.0,2.0,3.0,15.0,210.0,2.0,3.0,3.0,99.0
201400049993,14,8,27,115,3,1,1,2.0,6,122,AUTOROUTE A 63,,,,330,1,63.0,,,3.0,2.0,10.0,800.0,0.0,1.0,1.0,0.0,35.0,2.0,0.0,1.0,99.0
201400049994,14,8,27,1645,1,1,1,1.0,6,162,ROCADE A 630,,,,330,1,630.0,,,2.0,4.0,11.0,121.0,0.0,1.0,1.0,95.0,140.0,1.0,0.0,1.0,99.0
201400049995,14,8,29,640,2,1,1,1.0,6,122,AUTOROUTE A 63,,,,330,1,63.0,,,3.0,5.0,7.0,450.0,0.0,1.0,1.0,80.0,100.0,2.0,0.0,1.0,99.0
201400049996,14,8,30,230,5,1,1,1.0,6,550,ROCADE A 630,,,,330,1,630.0,,,1.0,3.0,29.0,160.0,0.0,1.0,1.0,0.0,130.0,1.0,0.0,1.0,99.0
201400049997,14,9,2,1745,1,1,1,1.0,6,281,ROCADE A 630,,,,330,1,630.0,,,3.0,2.0,17.0,580.0,0.0,1.0,1.0,0.0,70.0,1.0,3.0,1.0,99.0
201400049998,14,9,3,1820,1,1,1,1.0,6,249,ROUTE NATIONALE 230,,,,330,2,230.0,,,3.0,6.0,43.0,440.0,0.0,1.0,1.0,10.0,210.0,1.0,0.0,1.0,99.0
201400049999,14,9,4,820,1,1,1,7.0,6,162,ROCADE A 630,,,,330,1,630.0,,,3.0,4.0,10.0,900.0,0.0,1.0,1.0,60.0,250.0,1.0,3.0,1.0,99.0
201400050000,14,9,5,1720,1,1,1,1.0,2,249,AUTOROUTE A 10,,,,330,1,10.0,,,3.0,6.0,542.0,300.0,0.0,1.0,1.0,35.0,210.0,1.0,0.0,1.0,99.0
201400050001,14,9,9,1120,1,1,1,1.0,6,487,AUTOROUTE A 10,,,,330,1,10.0,,,3.0,6.0,535.0,800.0,0.0,1.0,1.0,10.0,200.0,1.0,2.0,1.0,99.0
201400050002,14,9,9,1700,1,1,1,1.0,6,162,ROCADE A 630,,,,330,1,630.0,,,3.0,2.0,11.0,900.0,0.0,1.0,1.0,0.0,70.0,1.0,0.0,2.0,99.0
201400050003,14,9,15,705,2,1,1,1.0,6,122,AUTOROUTE A 63,,,,330,1,63.0,,,3.0,4.0,8.0,400.0,0.0,1.0,1.0,50.0,140.0,1.0,0.0,3.0,99.0
201400050004,14,9,15,1710,1,1,1,1.0,6,65,ROUTE NATIONALE 230,,,,330,2,230.0,,,3.0,3.0,34.0,700.0,0.0,2.0,1.0,75.0,0.0,1.0,2.0,1.0,99.0
201400050005,14,9,17,700,2,1,1,1.0,6,75,ROCADE A 630,,,,330,1,630.0,,,3.0,2.0,9.0,0.0,0.0,1.0,1.0,0.0,75.0,1.0,0.0,1.0,99.0
201400050006,14,9,17,1845,1,1,1,3.0,6,249,ROCADE A 630,,,,330,1,630.0,,,3.0,2.0,2.0,750.0,0.0,1.0,1.0,0.0,150.0,2.0,2.0,1.0,99.0
201400050007,14,9,19,1235,1,1,1,1.0,6,281,ROCADE A 630,,,,330,1,630.0,,,3.0,7.0,15.0,0.0,0.0,1.0,1.0,50.0,275.0,1.0,0.0,3.0,99.0
201400050008,14,9,19,1910,1,1,1,1.0,6,281,ROCADE A 630,,,,330,1,630.0,,,1.0,6.0,18.0,200.0,0.0,1.0,1.0,0.0,100.0,1.0,0.0,1.0,99.0
201400050009,14,9,20,1955,2,1,1,1.0,6,318,ROCADE A 630,,,,330,1,630.0,,,1.0,0.0,21.0,0.0,0.0,2.0,1.0,0.0,25.0,1.0,3.0,1.0,99.0
201400050010,14,9,22,1045,1,1,1,1.0,6,192,ROCADE A 630,,,,330,1,630.0,,,3.0,6.0,26.0,700.0,0.0,1.0,1.0,15.0,280.0,9.0,0.0,1.0,99.0
201400050011,14,9,22,1630,1,1,1,1.0,6,162,ROCADE A 630,,,,330,1,630.0,,,3.0,2.0,12.0,0.0,0.0,1.0,1.0,0.0,70.0,1.0,0.0,1.0,99.0
201400050012,14,9,23,1820,1,1,1,1.0,6,39,ROCADE A 630,,,,330,1,630.0,,,1.0,2.0,33.0,0.0,0.0,1.0,3.0,0.0,70.0,1.0,3.0,1.0,99.0
201400050013,14,9,24,845,1,1,1,1.0,4,249,ROUTE NATIONALE 230,,,,330,2,230.0,,,3.0,4.0,43.0,0.0,0.0,1.0,1.0,35.0,280.0,1.0,0.0,1.0,99.0
201400050014,14,9,26,2200,5,1,1,1.0,2,96,AUTOROUTE A 10,,,,330,1,10.0,,,3.0,6.0,541.0,900.0,0.0,1.0,1.0,15.0,210.0,1.0,0.0,1.0,0.0
201400050015,14,9,28,2045,3,1,1,1.0,6,318,ROCADE A 630,,,,330,1,630.0,,,1.0,2.0,20.0,800.0,0.0,1.0,1.0,0.0,70.0,1.0,0.0,1.0,99.0
201400050016,14,9,29,750,1,1,1,1.0,6,249,AUTOROUTE A 10,,,,330,1,10.0,,,3.0,3.0,542.0,500.0,0.0,2.0,1.0,0.0,105.0,1.0,0.0,1.0,99.0
201400050017,14,9,29,730,5,1,1,1.0,4,397,AUTOROUTE A 10,,,,330,1,10.0,,,3.0,6.0,538.0,400.0,0.0,1.0,1.0,15.0,210.0,1.0,0.0,1.0,99.0
201400050018,14,9,29,840,1,1,1,1.0,6,75,ROCADE A 630,,,,330,1,630.0,,,3.0,2.0,9.0,500.0,0.0,1.0,1.0,60.0,70.0,1.0,0.0,1.0,99.0
201400050019,14,10,3,755,2,1,1,1.0,6,65,ROUTE NATIONALE 230,,,,330,2,230.0,,,2.0,8.0,35.0,480.0,0.0,1.0,1.0,0.0,210.0,1.0,0.0,1.0,0.0
201400050020,14,10,3,1752,1,1,1,1.0,2,39,ROUTE NATIONALE 230,,,,330,2,230.0,,,3.0,3.0,34.0,350.0,0.0,2.0,1.0,0.0,210.0,1.0,0.0,1.0,99.0
201400050021,14,10,7,705,3,1,1,8.0,6,318,ROCADE A 630,,,,330,1,630.0,,,3.0,2.0,22.0,800.0,0.0,2.0,2.0,5.0,35.0,2.0,3.0,1.0,99.0
201400050022,14,10,8,645,3,1,1,2.0,6,318,ROCADE A 630,,,,330,1,630.0,,,3.0,4.0,22.0,0.0,0.0,1.0,1.0,5.0,140.0,2.0,5.0,1.0,99.0
201400050023,14,10,10,1345,1,1,1,1.0,6,65,ROUTE NATIONALE 230,,,,330,2,230.0,,,3.0,2.0,35.0,200.0,0.0,1.0,1.0,10.0,70.0,1.0,0.0,1.0,99.0
201400050024,14,10,13,715,4,1,1,1.0,6,487,AUTOROUTE A 10,,,,330,1,10.0,,,3.0,6.0,534.0,100.0,0.0,2.0,1.0,25.0,210.0,1.0,2.0,1.0,99.0
201400050025,14,10,14,600,3,1,1,1.0,6,80,AUTOROUTE A 62,,,,330,1,62.0,,,3.0,4.0,2.0,400.0,0.0,1.0,1.0,30.0,140.0,1.0,0.0,1.0,99.0
201400050026,14,10,16,655,2,1,1,1.0,6,39,ROCADE A 630,,,,330,1,630.0,,,3.0,4.0,33.0,240.0,0.0,1.0,1.0,10.0,130.0,2.0,3.0,1.0,99.0
201400050027,14,10,16,715,2,1,1,2.0,2,162,ROCADE A 630,,,,330,1,630.0,,,3.0,4.0,10.0,860.0,0.0,1.0,1.0,60.0,140.0,2.0,0.0,1.0,99.0
201400050028,14,10,16,1945,4,1,1,1.0,2,487,AUTOROUTE A 10,,,,330,1,10.0,,,3.0,6.0,535.0,700.0,0.0,1.0,1.0,15.0,210.0,2.0,0.0,1.0,99.0
201400050029,14,10,19,730,2,1,1,1.0,3,487,AUTOROUTE A 10,,,,330,1,10.0,,,1.0,3.0,535.0,100.0,0.0,1.0,3.0,0.0,110.0,1.0,3.0,3.0,0.0
201400050030,14,10,19,1020,1,1,1,1.0,1,550,AUTOROUTE A 62,,,,330,1,62.0,,,3.0,2.0,1.0,200.0,0.0,1.0,3.0,10.0,105.0,0.0,0.0,1.0,0.0
201400050031,14,10,22,720,2,1,1,1.0,2,550,ROCADE A 630,,,,330,2,630.0,,,3.0,4.0,29.0,0.0,0.0,2.0,1.0,0.0,35.0,1.0,3.0,1.0,99.0
201400050032,14,10,23,1810,1,1,1,1.0,4,162,ROCADE A 630,,,,330,2,630.0,,,3.0,2.0,11.0,0.0,0.0,1.0,1.0,0.0,140.0,1.0,0.0,1.0,99.0
201400050033,14,10,27,1655,1,1,1,1.0,6,281,ROCADE A 630,,,,330,1,630.0,,,1.0,4.0,18.0,900.0,0.0,1.0,1.0,9.0,140.0,1.0,0.0,1.0,99.0
201400050034,14,10,27,1830,2,1,1,1.0,5,318,ROCADE A 630,,,,330,1,630.0,,,1.0,4.0,19.0,900.0,0.0,1.0,1.0,90.0,140.0,1.0,0.0,1.0,99.0
201400050035,14,10,28,2150,5,1,1,1.0,3,39,ROCADE A 630,,,,330,1,630.0,,,3.0,6.0,33.0,500.0,0.0,1.0,1.0,5.0,210.0,1.0,0.0,1.0,0.0
201400050036,14,10,29,1540,1,1,1,1.0,6,281,ROCADE A 630,,,,330,1,630.0,,,3.0,2.0,16.0,0.0,0.0,4.0,1.0,0.0,40.0,1.0,3.0,1.0,99.0
201400050037,14,11,2,1312,1,1,1,1.0,6,119,ROUTE NATIONALE 230,,,,330,2,230.0,,,3.0,6.0,41.0,750.0,0.0,2.0,1.0,5.0,105.0,1.0,0.0,1.0,99.0
201400050038,14,11,2,2135,4,1,1,1.0,6,119,ROUTE NATIONALE 230,,,,330,2,230.0,,,3.0,3.0,41.0,550.0,0.0,2.0,1.0,0.0,30.0,2.0,0.0,1.0,99.0
201400050039,14,11,3,755,1,1,1,2.0,2,122,AUTOROUTE A 63,,,,330,1,63.0,,,1.0,6.0,6.0,220.0,0.0,1.0,1.0,100.0,140.0,2.0,0.0,1.0,99.0
201400050040,14,11,3,835,1,1,1,1.0,6,65,ROUTE NATIONALE 230,,,,330,2,230.0,,,3.0,3.0,36.0,200.0,0.0,2.0,2.0,5.0,105.0,1.0,0.0,1.0,99.0
201400050041,14,11,4,1925,5,1,1,1.0,6,63,ROCADE A 630,,,,330,1,630.0,,,3.0,3.0,4.0,320.0,0.0,2.0,1.0,0.0,105.0,2.0,0.0,1.0,99.0
201400050042,14,11,6,1620,1,1,1,1.0,6,249,ROUTE NATIONALE 230,,,,330,2,230.0,,,3.0,6.0,42.0,900.0,0.0,1.0,1.0,5.0,210.0,1.0,0.0,1.0,99.0
201400050043,14,11,6,1850,3,1,1,1.0,4,318,ROCADE A 630,,,,330,1,630.0,,,1.0,2.0,20.0,0.0,0.0,1.0,1.0,100.0,50.0,1.0,0.0,1.0,99.0
201400050044,14,11,7,835,1,1,1,2.0,6,281,ROCADE A 630,,,,330,1,630.0,,,3.0,2.0,17.0,600.0,0.0,1.0,1.0,0.0,350.0,2.0,0.0,1.0,99.0
201400050045,14,11,7,1930,3,1,1,1.0,6,80,AUTOROUTE A 62,,,,330,1,62.0,,,3.0,4.0,1.0,500.0,0.0,1.0,1.0,10.0,140.0,1.0,0.0,1.0,99.0
201400050046,14,11,7,2020,3,1,1,1.0,5,550,ROCADE A 630,,,,330,1,630.0,,,3.0,3.0,32.0,50.0,0.0,1.0,3.0,10.0,105.0,1.0,0.0,2.0,0.0
201400050047,14,11,9,1200,1,1,1,1.0,7,249,ROCADE A 630,,,,330,1,630.0,,,1.0,2.0,0.0,500.0,0.0,2.0,2.0,0.0,70.0,2.0,0.0,1.0,0.0
201400050048,14,11,10,550,5,1,1,1.0,6,167,ROUTE NATIONALE 230,,,,330,2,230.0,,,3.0,3.0,37.0,750.0,0.0,2.0,2.0,5.0,105.0,1.0,0.0,1.0,99.0
201400050049,14,11,12,1230,1,1,1,2.0,6,281,ROCADE A 630,,,,330,1,630.0,,,3.0,4.0,17.0,650.0,0.0,1.0,1.0,100.0,140.0,2.0,0.0,1.0,99.0
201400050050,14,11,12,1235,1,1,1,2.0,6,318,ROCADE A 630,,,,330,1,630.0,,,3.0,8.0,25.0,0.0,0.0,1.0,3.0,60.0,120.0,2.0,3.0,1.0,99.0
201400050051,14,11,12,2210,5,1,1,1.0,6,535,ROUTE NATIONALE 230,,,,330,2,230.0,,,3.0,3.0,38.0,230.0,0.0,2.0,1.0,0.0,30.0,1.0,0.0,1.0,99.0
201400050052,14,11,15,1450,1,1,1,2.0,6,249,ROCADE A 630,,,,330,1,630.0,,,3.0,3.0,0.0,500.0,0.0,2.0,1.0,10.0,140.0,2.0,3.0,1.0,99.0
201400050053,14,11,15,1640,1,1,1,3.0,6,63,ROCADE A 630,,,,330,1,630.0,,,3.0,6.0,4.0,500.0,0.0,2.0,1.0,10.0,210.0,2.0,2.0,1.0,99.0
201400050054,14,11,16,1345,1,1,1,2.0,6,249,ROCADE A 630,,,,330,1,630.0,,,1.0,4.0,0.0,800.0,0.0,1.0,1.0,10.0,140.0,2.0,3.0,1.0,99.0
201400050055,14,11,17,905,1,1,1,1.0,6,249,ROCADE A 630,,,,330,1,630.0,,,3.0,6.0,1.0,800.0,0.0,1.0,1.0,0.0,0.0,1.0,3.0,1.0,99.0
201400050056,14,11,17,915,1,1,1,2.0,6,550,AUTOROUTE A 62,,,,330,1,62.0,,,3.0,3.0,0.0,500.0,0.0,1.0,1.0,30.0,140.0,2.0,0.0,1.0,99.0
201400050057,14,11,18,1125,1,1,1,2.0,6,249,ROCADE A 630,,,,330,1,630.0,,,1.0,2.0,0.0,500.0,0.0,1.0,2.0,0.0,70.0,2.0,3.0,2.0,99.0
201400050058,14,11,18,1525,1,1,1,1.0,6,63,ROCADE A 630,,,,330,1,630.0,,,3.0,6.0,3.0,460.0,0.0,2.0,1.0,10.0,210.0,1.0,2.0,1.0,99.0
201400050059,14,11,20,835,1,1,1,1.0,6,80,AUTOROUTE A 62,,,,330,1,62.0,,,3.0,4.0,3.0,600.0,0.0,1.0,1.0,40.0,140.0,1.0,0.0,1.0,99.0
201400050060,14,11,20,1840,2,1,1,1.0,6,39,ROCADE A 631,,,,330,1,631.0,,,1.0,3.0,34.0,0.0,0.0,2.0,3.0,0.0,0.0,1.0,2.0,2.0,99.0
201400050061,14,11,21,1350,1,1,1,1.0,6,318,ROCADE A 630,,,,330,1,630.0,,,1.0,3.0,24.0,0.0,0.0,1.0,1.0,10.0,105.0,1.0,0.0,1.0,99.0
201400050062,14,11,29,220,5,1,1,1.0,1,550,ROCADE A 630,,,,330,1,630.0,,,1.0,3.0,31.0,500.0,0.0,1.0,1.0,15.0,35.0,1.0,0.0,1.0,99.0
201400050063,14,11,29,1340,1,1,1,2.0,6,63,ROCADE A 630,,,,330,1,630.0,,,3.0,2.0,5.0,0.0,0.0,3.0,2.0,10.0,60.0,2.0,0.0,2.0,99.0
201400050064,14,11,30,1635,1,1,1,1.0,6,318,AUTOROUTE A 63,,,,330,1,63.0,,,1.0,8.0,0.0,200.0,0.0,1.0,1.0,50.0,210.0,1.0,0.0,1.0,99.0
201400050065,14,11,28,1830,5,1,1,1.0,6,3,AUTOROUTE A 10,,,,330,1,10.0,,,3.0,6.0,537.0,100.0,0.0,1.0,1.0,0.0,150.0,1.0,0.0,1.0,99.0
201400050066,14,12,4,1420,1,1,1,1.0,6,397,AUTOROUTE A 10,,,,330,1,10.0,,,3.0,3.0,539.0,200.0,0.0,1.0,2.0,10.0,105.0,1.0,0.0,1.0,99.0
201400050067,14,12,4,1715,2,1,1,2.0,6,75,ROCADE A 630,,,,330,1,630.0,,,3.0,4.0,7.0,150.0,0.0,1.0,1.0,10.0,100.0,2.0,0.0,1.0,99.0
201400050068,14,12,4,1900,5,1,1,1.0,6,119,ROUTE NATIONALE 230,,,,330,2,230.0,,,3.0,6.0,42.0,500.0,0.0,1.0,1.0,10.0,150.0,1.0,0.0,1.0,99.0
201400050069,14,12,4,2035,4,1,1,1.0,6,75,ROCADE A 630,,,,330,1,630.0,,,1.0,2.0,8.0,210.0,0.0,1.0,1.0,15.0,55.0,1.0,0.0,1.0,99.0
201400050070,14,12,4,2115,3,1,1,1.0,6,75,ROCADE A 630,,,,330,1,630.0,,,1.0,1.0,9.0,250.0,0.0,1.0,3.0,0.0,48.0,1.0,3.0,3.0,99.0
201400050071,14,12,6,655,5,1,1,1.0,6,550,ROCADE A 630,,,,330,1,630.0,,,0.0,0.0,29.0,200.0,0.0,0.0,0.0,0.0,0.0,0.0,0.0,0.0,99.0
201400050072,14,12,7,755,2,1,1,1.0,6,249,ROCADE A 630,,,,330,1,630.0,,,3.0,6.0,2.0,550.0,0.0,2.0,1.0,0.0,0.0,7.0,2.0,1.0,99.0
201400050073,14,12,9,750,1,1,1,1.0,6,3,AUTOROUTE A 10,,,,330,1,10.0,,,3.0,3.0,536.0,600.0,0.0,1.0,1.0,5.0,105.0,1.0,0.0,2.0,99.0
201400050074,14,12,10,2328,3,1,1,2.0,6,550,ROCADE A 630,,,,330,1,630.0,,,1.0,2.0,31.0,200.0,0.0,1.0,1.0,5.0,90.0,2.0,3.0,1.0,99.0
201400050075,14,12,12,1700,2,1,1,1.0,4,550,ROCADE A 630,,,,330,1,630.0,,,0.0,6.0,29.0,0.0,0.0,1.0,1.0,10.0,90.0,1.0,0.0,1.0,99.0
201400050076,14,12,13,1050,1,1,1,1.0,6,281,ROCADE A 630,,,,330,1,630.0,,,1.0,7.0,15.0,0.0,0.0,1.0,3.0,100.0,140.0,0.0,0.0,1.0,99.0
201400050077,14,12,14,705,3,1,1,1.0,6,281,ROCADE A 630,,,,330,1,630.0,,,3.0,4.0,17.0,655.0,0.0,0.0,1.0,100.0,140.0,0.0,0.0,1.0,99.0
201400050078,14,12,18,815,2,1,1,2.0,6,192,AUTOROUTE A 63,,,,330,1,63.0,,,1.0,4.0,0.0,501.0,0.0,2.0,3.0,0.0,38.0,2.0,3.0,1.0,99.0
201400050079,14,12,19,1345,1,1,1,1.0,6,23,AUTOROUTE A 62,,,,330,1,62.0,,,1.0,1.0,9.0,500.0,0.0,2.0,2.0,5.0,50.0,2.0,3.0,3.0,99.0
201400050080,14,12,19,1920,5,1,1,1.0,6,318,ROCADE A 630,,,,330,1,630.0,,,3.0,4.0,24.0,300.0,0.0,1.0,1.0,15.0,140.0,1.0,3.0,1.0,99.0
201400050081,14,12,23,1550,1,1,1,1.0,2,96,AUTOROUTE A 10,,,,330,1,10.0,,,1.0,3.0,542.0,213.0,0.0,1.0,1.0,0.0,105.0,0.0,0.0,1.0,99.0
201400050082,14,12,24,710,3,1,1,2.0,6,80,AUTOROUTE A 62,,,,330,1,62.0,,,3.0,4.0,3.0,500.0,0.0,1.0,1.0,15.0,140.0,1.0,0.0,1.0,99.0
201400050083,14,12,25,1915,5,1,1,1.0,6,550,ROCADE A 630,,,,330,1,630.0,,,3.0,6.0,32.0,260.0,0.0,1.0,1.0,15.0,210.0,1.0,0.0,1.0,99.0
201400050084,14,12,26,2155,3,1,1,1.0,6,122,AUTOROUTE A 63,,,,330,1,63.0,,,1.0,2.0,9.0,876.0,0.0,1.0,1.0,0.0,70.0,1.0,0.0,1.0,99.0
201400050085,14,12,28,632,2,1,1,1.0,6,366,AUTOROUTE A 10,,,,330,1,10.0,,,1.0,2.0,527.0,0.0,0.0,2.0,2.0,0.0,70.0,8.0,3.0,3.0,99.0
201400050086,14,12,28,2225,5,1,1,1.0,6,249,ROCADE A 630,,,,330,1,630.0,,,1.0,2.0,0.0,600.0,0.0,2.0,2.0,0.0,50.0,1.0,3.0,1.0,99.0
201400050087,14,12,31,1750,2,1,1,1.0,6,65,ROUTE NATIONALE 230,,,,330,2,230.0,,,0.0,2.0,36.0,200.0,0.0,0.0,0.0,0.0,0.0,0.0,0.0,0.0,0.0